 Date,PM2.5,PM10,NO2,SO2,CO,Ozone,NH3
25-06-2019,12.57,43.83,8.01,9.49,None,25.01,4.94
26-06-2019,9.16,34.11,3.16,9.51,0.36,30.51,6.82
27-06-2019,6.71,29.44,None,9.42,0.22,26.75,None
28-06-2019,2.9,18.61,3.32,9.49,0.18,26.26,5.98
29-06-2019,4.08,28.56,4.03,9.52,0.03,30.3,2.5
30-06-2019,5.93,37.2,6.72,9.52,0.16,39.17,1.58
01-07-2019,6.14,42.8,6.76,9.61,0.21,27.27,0.94
02-07-2019,6.27,34.15,9.67,9.69,0.22,29.47,0.95
03-07-2019,4.68,24.58,12.54,9.77,0.23,27.11,2.23
04-07-2019,10.14,28.32,8,9.83,0.21,26.5,3.06
05-07-2019,10.36,43.75,5.26,10.09,0.21,24.87,1.57
06-07-2019,10.79,57.81,4.81,9.99,0.19,24.85,2.04
07-07-2019,14.73,61.44,5.96,9.92,0.15,24.85,3.48
08-07-2019,68.13,303.18,None,9.55,0.06,29.93,None
09-07-2019,8.11,158.68,85.16,9.94,0.14,23.8,42.4
10-07-2019,5.49,45.1,2.92,9.83,0.15,22.47,7.35
11-07-2019,3.25,28.65,3.12,9.87,0.42,16.59,None
12-07-2019,8.54,43.72,9.31,9.9,0.23,6.31,14.66
13-07-2019,8.72,42.24,4.35,9.05,0.24,15.1,9.25
14-07-2019,12.63,43.98,3.51,7.49,0.19,7.01,6.7
15-07-2019,11.9,39.39,2.61,7.7,0.22,8.68,7.74
16-07-2019,13.18,49.68,3.55,7.68,0.19,9.34,6.43
17-07-2019,14.45,49.29,3.66,7.66,0.21,8.93,5.79
18-07-2019,14.61,47.1,4.69,7.71,0.23,8.9,5.67
19-07-2019,15.71,67.82,4.47,7.81,0.26,7.88,6.11
20-07-2019,23.29,83.23,7.69,7.81,0.29,8.24,7.35
21-07-2019,19.04,48.37,13.5,8.12,0.33,9.43,7.86
22-07-2019,27.23,48.46,13.91,8.41,0.43,16.15,8.4
23-07-2019,9.48,18.05,7.05,7.92,0.29,18.31,7.31
24-07-2019,5.32,15.28,4.21,8.13,0.27,10.9,9.9
25-07-2019,11.25,24.94,3.14,8.12,0.22,10.77,11.47
26-07-2019,15.43,43.49,3.65,7.93,0.26,12.65,7.51
27-07-2019,13.94,42.9,2.9,8.06,0.25,12.43,6.31
28-07-2019,15.55,45.47,2.48,8.04,0.22,14.54,5.99
29-07-2019,16.45,53.34,2.54,8.1,0.21,15.11,6.11
30-07-2019,15.52,50.4,3.34,8.15,0.23,12.46,5.75
31-07-2019,11.4,34.79,2.81,8.15,0.24,11.59,6.53
01-08-2019,11.8,31.62,2.69,8.11,0.23,10.6,6.89
02-08-2019,11.15,37.09,1.76,8.05,0.18,10.84,5.75
03-08-2019,10.42,33.38,1.88,8.13,0.18,9.86,4.85
04-08-2019,9.97,25.81,2.17,8.15,0.21,12.42,6.04
05-08-2019,11.8,37.71,2.65,8.02,0.19,10.57,5.93
06-08-2019,13.04,42.04,2.37,5.71,0.23,8.28,4.78
07-08-2019,11.87,37.26,2.59,1.83,0.26,12.32,4.34
08-08-2019,13.84,42.77,2.11,1.84,0.29,15.86,5.43
09-08-2019,20.7,68.25,3.93,1.8,0.32,15.48,4.2
10-08-2019,20.46,62.6,3.05,1.68,0.31,17.54,2.1
11-08-2019,24.04,123.69,2.96,1.93,0.29,19.46,3.38
12-08-2019,17.23,55.63,2.94,1.57,0.29,22.41,3.81
13-08-2019,15.57,51.59,3.41,1.68,0.32,21.69,2.26
14-08-2019,12.81,43.69,5.4,1.65,0.34,21.57,3.27
15-08-2019,16.22,56.78,4.36,1.69,0.34,24.86,2.67
16-08-2019,14.78,41.52,3.1,1.64,0.29,23.26,4.35
17-08-2019,14.56,47.3,4.46,1.77,0.31,22.67,2.98
18-08-2019,13.27,46.05,2.87,1.79,0.33,26.77,3.62
19-08-2019,13,45.32,3.95,1.66,0.36,22.9,2.78
20-08-2019,13.54,47.37,4.78,1.71,0.37,21.48,2.74
21-08-2019,12.33,59.01,4.97,1.85,0.39,20.89,2.89
22-08-2019,10.99,46.78,4.4,1.98,0.4,21.59,2.7
23-08-2019,11.58,42.25,5.41,3.86,0.42,20.57,2.69
24-08-2019,11.71,38.9,6.1,7.36,0.45,17.95,4.51
25-08-2019,10.8,38.11,2.89,8.33,0.35,23.86,5.95
26-08-2019,9.68,33.79,4.77,None,0.47,None,4.91
27-08-2019,13.24,50.09,3.6,10.79,0.42,18.29,14.09
28-08-2019,11.91,40.04,1.96,11.26,0.41,16.94,18.75
29-08-2019,9.37,28.51,2.05,13.79,0.39,16.79,23.94
30-08-2019,10.02,31.41,3.29,13.76,0.4,17.07,18.52
31-08-2019,10.23,30.71,4.41,15.59,0.45,14.11,15.37
01-09-2019,11.25,32.12,3.35,15.48,0.42,16.83,14.59
02-09-2019,11.88,30.74,3.1,14.84,0.44,17.64,10.3
03-09-2019,11.72,33.49,2.12,15.31,0.39,17.48,7.54
04-09-2019,8.38,14.81,3.68,18.84,0.38,8.14,8.29
05-09-2019,10.26,22.81,3.32,18.7,0.34,8.98,10.33
06-09-2019,6.51,13.91,2.79,18.27,0.31,10.61,10.35
07-09-2019,9.62,22.14,3.14,17.7,0.3,10.59,7.29
08-09-2019,8.22,21.97,2.9,17.31,0.28,11.62,5.84
09-09-2019,9.11,19.7,3.28,17.14,0.3,16.01,4.45
10-09-2019,14.62,39.94,3.04,17.68,0.32,12.03,4.08
11-09-2019,13.17,35.95,3.47,18.43,0.32,12.08,5.24
12-09-2019,11.76,29.73,3.92,18.99,0.4,9.83,4.95
13-09-2019,9.99,19.64,2.3,24.24,0.34,10.4,9.04
14-09-2019,11.54,27.56,2.7,23.55,0.37,8.6,8.69
15-09-2019,12.02,41.8,2.89,22.68,0.33,8.13,7.12
16-09-2019,11.28,26.34,7.6,22.49,0.42,12.58,3.43
17-09-2019,10.53,29.4,4.22,22.36,0.37,7.85,4.74
18-09-2019,10.7,26.28,6.03,15.92,0.27,6.31,4.87
19-09-2019,16.25,34.94,5.94,5.95,0.19,7.95,3.35
20-09-2019,22.01,27.67,10.61,6.5,0.32,23.4,6.36
21-09-2019,12.15,27.37,4.1,7.75,0.16,14.77,15.47
22-09-2019,10.28,18.58,2.07,5.76,0.11,13.5,11.52
23-09-2019,13.27,26.75,2.31,5.74,0.15,15.43,6.25
24-09-2019,17.81,49.97,4.89,5.85,0.22,9.48,6.34
25-09-2019,16.01,52.95,3.92,1.05,0.2,9.41,10.7
26-09-2019,15.75,25.94,10.77,5.16,0.34,15.42,6.66
27-09-2019,19.11,31.23,5.82,8.56,0.37,16.51,10.36
28-09-2019,6.82,12.72,1.4,7.29,0.12,14.97,7.78
29-09-2019,7.52,11.84,1.6,3.91,0.13,10.09,9.33
30-09-2019,7.64,14.14,1.54,3.72,0.12,8.6,5.72
01-10-2019,6.81,15.96,2.87,7.79,0.28,7.04,6.88
02-10-2019,10.1,30.69,2.84,8.76,0.35,4.34,10.27
03-10-2019,16.22,46.56,4.15,8.84,0.34,7.58,6.94
04-10-2019,18.12,60.81,7.61,9.22,0.41,6.6,5.49
05-10-2019,23.25,57.3,11.07,13.12,0.48,10.56,7.91
06-10-2019,38.21,76.4,15.14,17.43,0.58,17.93,11.83
07-10-2019,42.44,88.86,18.23,17.07,0.64,36.38,6.01
08-10-2019,53.06,96.57,17.06,14.31,0.59,27.86,5.97
09-10-2019,54.86,101.46,15.66,9.99,0.53,28.46,3.75
10-10-2019,23.63,48.86,18.18,10.1,0.43,19.31,6.99
11-10-2019,46.94,75.98,26,17.34,0.64,25.41,6.82
12-10-2019,34.25,63.57,23.22,18.06,0.5,29.73,5.9
13-10-2019,47.85,103.23,22.08,20.97,0.26,28.5,10.04
14-10-2019,44.85,85.47,25.16,24.24,0.56,30.83,10.27
15-10-2019,68.33,115.49,25.78,19.02,0.42,29.76,5.9
16-10-2019,56.59,121.32,29.34,20.17,0.42,16.33,9.67
17-10-2019,58.23,146.26,31.28,23.81,0.6,28.78,10.69
18-10-2019,65.32,143.26,27.28,17.93,0.64,54.7,9.01
19-10-2019,65.17,136.61,36.07,15.48,0.64,11.74,18.3
20-10-2019,31.93,54.93,24.76,8.93,0.56,5.99,15.42
21-10-2019,15.41,20.08,23.34,8.44,0.52,11.13,15.52
22-10-2019,20.75,33.92,15.98,6.09,0.48,33.77,9.2
23-10-2019,12.12,26.05,16.06,6.75,0.47,26.39,6.45
24-10-2019,18.55,27.78,13.36,9.35,0.42,12.08,13.54
25-10-2019,30.06,51.08,28.87,11.32,0.62,10.22,11.18
26-10-2019,19.46,34.59,27.11,8.6,0.48,6.68,10.3
27-10-2019,14.78,30.57,18.02,8.37,0.43,19.31,11.05
28-10-2019,20.17,41.53,11.15,4.44,0.37,26.53,4.06
29-10-2019,38.07,60.55,13.67,10.24,0.45,26.43,5.72
30-10-2019,50.84,93.32,20.32,41.66,0.58,39.57,3.91
31-10-2019,40.15,81.83,26.04,40.49,0.58,31.1,4.33
01-11-2019,24.96,77.34,28.97,44.2,0.48,16.87,4.79
02-11-2019,16.75,49.77,15.32,45.96,0.39,23.21,4.11
03-11-2019,13.15,24.81,9.93,47.6,0.34,16.94,6.79
04-11-2019,20.1,47.64,12.89,46.94,0.39,16.7,8.75
05-11-2019,30.17,59.37,14.4,27.72,0.43,23.41,2.85
06-11-2019,39.44,69.01,15.81,51.04,0.56,32.36,8.2
07-11-2019,58.94,90.57,22.9,36.46,0.6,26.19,6.23
08-11-2019,15.42,23.99,3.42,20.24,0.22,29.33,6.53
09-11-2019,18.54,42.88,9.25,12.06,0.37,29.9,4.51
10-11-2019,24.12,52.12,10.74,10.73,0.41,32.53,4.13
11-11-2019,50.77,87.89,18.86,10.02,0.52,36.81,3.56
12-11-2019,69.52,117.7,31.3,9.7,0.72,32.66,2.99
13-11-2019,81.61,149.73,33.09,11.04,0.66,54.69,2.51
14-11-2019,72.43,112.96,25.07,20.6,0.49,78.94,3.02
15-11-2019,71,130.5,31.64,50.19,0.37,55.35,6.35
16-11-2019,77.91,123.51,29.81,43.33,0.7,64.1,6.45
17-11-2019,83.64,129.82,31.59,63.45,0.69,41.27,10.31
18-11-2019,83.37,129.51,29.11,52.73,0.68,25.46,10.82
19-11-2019,80.7,122.83,29.86,31.61,0.65,57.21,10.34
20-11-2019,104.78,178.42,47.39,25.06,0.71,22.05,5.73
21-11-2019,103.24,167.59,65.1,31.52,0.73,49.9,5.28
22-11-2019,103.45,183.88,28.27,38.36,0.69,26.48,12.2
23-11-2019,91.7,157.51,34.92,89.57,0.54,49.78,10.09
24-11-2019,90.26,170.52,32.64,74.55,0.57,44.09,5.6
25-11-2019,85.65,142.07,26.9,62.14,0.6,54.2,5.37
26-11-2019,95.38,154.25,33.62,40.56,0.74,47.27,9.35
27-11-2019,93.32,165.66,43.94,66.55,0.61,58.26,7.98
28-11-2019,75.8,131.3,32.23,51.35,0.57,30.73,4.3
29-11-2019,76.14,127.24,37.2,44.87,0.64,55.34,9.41
30-11-2019,88.2,146.31,39.47,35.68,0.72,38.71,7.82
01-12-2019,92.38,158.7,40.68,46.6,0.5,37.51,8.98
02-12-2019,108.9,190.05,36.59,40.59,0.72,27.48,5.92
03-12-2019,70.95,119.6,28.28,29.1,0.67,43.58,8.49
04-12-2019,32.23,58.97,17.01,27,0.43,23.23,4.66
05-12-2019,54.07,130,18.6,28.39,0.55,16.22,6.75
06-12-2019,66.79,115.63,12.75,25.88,0.44,23.34,4.08
07-12-2019,91.3,152.44,25.58,17.34,0.3,51.01,11.27
08-12-2019,76.23,152.34,44.23,15.26,0.6,68.3,6.74
09-12-2019,97.76,158.01,40.47,19.52,0.63,69.34,5.53
10-12-2019,92.66,154.72,35.27,19.93,0.69,61.35,4.19
11-12-2019,92.39,158.06,41.6,26.47,0.7,67.15,7.73
12-12-2019,101.93,184.37,39.97,29.28,0.68,60.26,8.34
13-12-2019,100.81,175.6,32.82,34.62,0.58,57.28,8.65
14-12-2019,69.24,123.38,33.82,28.87,0.52,46.54,9.09
15-12-2019,58.39,118.99,32.02,23.72,0.49,42.49,7.49
16-12-2019,71.96,127.66,34.2,25,0.61,16.1,5.7
17-12-2019,95.64,161.38,36.59,24.2,0.7,47.86,7.99
18-12-2019,83.72,145.47,33.36,14.08,0.67,69.28,10.96
19-12-2019,83.8,148.23,39.72,16.73,0.68,58.96,7.61
20-12-2019,85.91,145.1,40.91,18.87,0.69,77.23,7.29
21-12-2019,99.76,160.94,45.26,18.16,0.69,68.5,9.83
22-12-2019,107.52,211.16,54.99,22,0.73,31.86,6.35
23-12-2019,102.29,168.8,40.88,25.34,0.7,8.82,4.35
24-12-2019,102.37,160.05,28.2,31.77,0.71,44.73,7.45
25-12-2019,132.01,219.4,41.54,24.98,0.72,44.37,6.83
26-12-2019,151.25,222.16,54.94,24.02,0.66,39.61,16.68
27-12-2019,97.45,171.1,31.44,20.03,0.68,55.92,14.35
28-12-2019,97.79,158.58,43,18.36,0.74,61.99,10.67
29-12-2019,84.33,140.22,46.46,17.21,0.74,52.65,9.32
30-12-2019,80.55,125.39,38.02,12.31,0.65,62.43,9.37
31-12-2019,89.2,140.92,34.71,14.73,0.63,77.63,9.96
01-01-2020,71.01,127.69,35.53,14.73,0.64,110.66,7.24
02-01-2020,96.13,163.7,51.59,16.99,0.77,65.75,8.63
03-01-2020,113.97,163.37,39.61,10.97,0.7,93.15,9.54
04-01-2020,94.73,147.18,45.37,10.72,0.69,81.32,9.1
05-01-2020,85.26,147.62,38.16,3.63,0.69,83.3,7.58
06-01-2020,96.68,156.24,48.64,10.11,0.71,65.62,10.19
07-01-2020,72.88,120,37.9,11.78,0.66,61.89,11.04
08-01-2020,98.73,168.89,42.73,18.43,0.64,23.14,12.85
09-01-2020,67.76,112.28,23.85,10.22,0.51,34.79,11.64
10-01-2020,66.81,128.74,46.07,17.2,0.65,30.76,10.16
11-01-2020,71.82,146.62,51.18,15.73,0.61,32.72,10.02
12-01-2020,78.32,133.49,43.22,7.69,0.59,50.14,10.64
13-01-2020,94.41,160.14,30.54,11.12,0.66,35.78,9.15
14-01-2020,71.86,120.85,32.38,6.48,0.49,25.02,7.58
15-01-2020,39.62,88.49,21.45,0.99,0.22,22.61,5.32
16-01-2020,28.74,72.11,19.9,4.19,0.25,81.98,7.5
17-01-2020,34.86,74.5,33.89,7.56,0.34,51,5.8
18-01-2020,46.5,93.14,42.51,8.08,0.45,60.87,6.37
19-01-2020,84.26,139.72,58.28,14.88,0.7,31.7,11.3
20-01-2020,92.04,157.3,52.15,10.43,0.69,14.63,15.01
21-01-2020,97.1,157.34,52.49,17.56,0.73,35.57,15.43
22-01-2020,102.37,127.28,36.14,13.41,0.72,63.06,11.82
23-01-2020,84.01,140.52,51.79,18.77,0.69,52.8,8.62
24-01-2020,94.55,174.08,54.26,17.37,0.7,62.88,10.51
25-01-2020,79.09,134.61,44.97,16.39,0.68,49.82,10.27
26-01-2020,95.93,162.07,43.84,19.5,0.72,75.69,14.02
27-01-2020,103.7,166.43,31.94,13.09,0.69,50.03,7.06
28-01-2020,41.79,73.78,14.35,12.9,0.41,52.42,11.48
29-01-2020,23.87,51.58,15.88,15.61,0.32,45.97,12.59
30-01-2020,19.01,104.48,16.46,9.18,0.3,68.5,6.78
31-01-2020,47.36,118.05,42.85,19.12,0.55,79.29,6.73
01-02-2020,55.92,122.4,45.49,14.97,0.57,72.08,8.85
02-02-2020,70.79,139.24,56.47,12.33,0.66,59.04,10.11
03-02-2020,79.38,135.54,42.98,16.05,0.67,46.66,12.94
04-02-2020,69.95,110.53,21.75,13.09,0.59,83.81,15.16
05-02-2020,78.13,126.55,32.6,12.79,0.61,99.44,12.38
06-02-2020,53.09,122,44.7,15.28,0.57,93.14,7.95
07-02-2020,38.66,92.53,21.73,11.7,0.42,94.4,10.63
08-02-2020,39.29,97.66,30.55,14.85,0.44,78.19,8.89
09-02-2020,63.09,121.43,42.89,13.46,0.61,69.43,8.9
10-02-2020,69.86,149.87,43.36,3.4,0.73,11.6,8.06
11-02-2020,60.93,114.98,44.6,None,None,None,7.18
12-02-2020,64.73,128.99,44.33,9.41,0.66,55.53,7.97
13-02-2020,67.55,133.88,47.93,21.44,0.76,42.23,15.29
14-02-2020,77.4,111.91,43.4,14.22,0.68,56.47,8.85
15-02-2020,62.7,129.56,49.63,16.5,0.65,18.62,13.99
16-02-2020,50.89,140.44,51.46,14.87,0.58,0.05,11.04
17-02-2020,65.24,127.69,39.17,11.74,0.62,0.07,8.5
18-02-2020,113.01,188.43,56.61,10.62,0.39,65.85,9.76
19-02-2020,122.76,199.19,55.44,15.82,0.59,75.84,15.56
20-02-2020,97.43,190.09,61.46,23.72,0.68,51.56,14.69
21-02-2020,65.78,120.57,44.68,16.94,0.58,32.67,11.83
22-02-2020,37.79,84.25,29.02,21,0.44,41.89,12.82
23-02-2020,69.24,142.98,44.79,22.27,0.64,81.76,8.95
24-02-2020,78.19,157.59,53.41,20.63,0.64,70.03,8.48
25-02-2020,82.48,146.59,48.31,17.15,0.65,60.05,10.43
26-02-2020,48.33,135.77,50.64,18.06,0.51,42.59,7.68
27-02-2020,47.04,129.82,55.36,25.03,0.48,45.54,7.94
28-02-2020,58.3,141.48,58.26,25.21,0.6,40.8,9.34
29-02-2020,76.5,172.11,87.89,24.58,0.63,30.7,8.88
01-03-2020,69.85,154.24,57.65,24.72,0.56,27.08,11.36
02-03-2020,42.5,131.45,23.38,18.45,0.38,16.54,9.85
03-03-2020,47.62,112.92,25.54,19.1,0.5,9.13,5.22
04-03-2020,44.98,126.83,20.16,36.27,0.39,18.91,6.43
05-03-2020,36.45,104.77,12.45,39.29,0.34,29,8.34
06-03-2020,41.78,110.49,21.43,45.97,0.41,23.14,10.37
07-03-2020,18.98,79.88,6.69,26.4,0.23,20.05,7.87
08-03-2020,31.55,125.58,11.78,21.23,0.28,25.27,6.78
09-03-2020,30.72,115.41,27.64,29.41,0.41,19.05,9.56
10-03-2020,38.67,122.47,17.64,21.59,0.4,22.44,10.11
11-03-2020,35.61,93.24,13.52,30.59,0.36,9.57,6.52
12-03-2020,20.28,77.4,5.9,19.49,0.2,17.38,4.67
13-03-2020,21.11,62.53,13.93,15.47,0.23,19.72,5.74
14-03-2020,26.74,98.25,20.47,17.38,0.28,26.97,7.03
15-03-2020,39.13,120.02,26.1,11.11,0.35,22.42,5.54
16-03-2020,48.53,134.63,40.82,24.38,0.58,9.01,9.01
17-03-2020,64.24,153.14,43.52,27.13,0.63,10.27,9.88
18-03-2020,74.56,156.62,53.22,17.93,0.61,116.78,8.7
19-03-2020,46.01,103.34,32.89,15.38,0.47,94.03,10.93
20-03-2020,31.06,74.78,24.61,10.56,0.4,77.05,6.89
21-03-2020,17.86,41.28,7.96,8.11,0.28,58.13,7.58
22-03-2020,20.11,50.52,11.45,13.41,0.29,69.25,11.4
23-03-2020,20.3,49.46,5.03,8,0.27,67.69,6.52
24-03-2020,23.65,54.75,5.8,8.13,0.3,73.36,6.43
25-03-2020,33.01,75.6,4.51,8.22,0.37,88.55,7.26
26-03-2020,27.98,67.02,4.54,10.25,0.36,76.1,8.62
27-03-2020,20.18,58.47,4.66,9.91,0.33,61.74,7.42
28-03-2020,21.91,62.26,4.3,10.64,0.35,79.87,6.33
29-03-2020,30.56,62.35,8.86,9,0.36,83.83,7.4
30-03-2020,23.56,58.99,3.73,6.95,0.3,96.18,8.34
31-03-2020,21.97,54.53,4.28,6.58,0.31,80.97,7.82
01-04-2020,23.37,52.57,4.93,7.32,0.31,70.55,7.49
02-04-2020,20.49,53.38,2.98,6.76,0.29,74.92,8.77
03-04-2020,25.06,69.14,4.07,6.85,0.32,78.95,8.24
04-04-2020,24.39,76.08,3.22,6.98,0.3,67.62,7.77
05-04-2020,23.09,71.29,3.71,7.89,0.31,66.3,7.13
06-04-2020,28.05,70.18,6.57,10.32,0.35,65.95,6.83
07-04-2020,20.56,53.96,4.19,10.45,0.29,59.43,7.25
08-04-2020,21.63,64.31,3.94,8.77,0.28,45.7,6.83
09-04-2020,None,None,None,None,None,None,None
10-04-2020,None,None,None,None,None,None,None
11-04-2020,None,None,None,None,None,None,None
12-04-2020,None,None,None,None,None,None,None
13-04-2020,None,None,None,None,None,None,None
14-04-2020,None,None,None,None,None,None,None
15-04-2020,None,None,None,None,None,None,None
16-04-2020,None,None,None,None,None,None,None
17-04-2020,None,None,None,None,None,None,None
18-04-2020,None,None,None,None,None,None,None
19-04-2020,None,None,None,None,None,None,None
20-04-2020,None,None,None,None,None,None,None
21-04-2020,13.05,76.6,3.68,10.65,0.68,37.17,11.67
22-04-2020,16.98,20.03,1.71,10.08,0.66,44.58,18.11
23-04-2020,20,27.23,3.7,15.34,0.6,44.94,11.75
24-04-2020,18.74,24.8,2.5,21.14,0.57,44.85,11.8
25-04-2020,20.6,23.51,3.98,23.93,0.58,40.72,12.75
26-04-2020,13.97,22.01,2.32,25.36,0.54,46.55,12.23
27-04-2020,15.59,23.52,5.05,23.61,0.52,47.54,10.42
28-04-2020,14.62,20.98,1.7,22.07,0.51,43.18,9
29-04-2020,20.15,25.32,2.84,24.94,0.54,48.39,9.02
30-04-2020,18.14,27.16,2.71,22.9,0.57,43.26,8.19
01-05-2020,18.15,28.48,4.28,26.34,0.68,41.83,8.19
02-05-2020,14.3,21.14,None,27.23,0.67,42.69,None
03-05-2020,10.78,18.27,2.4,26.81,0.66,40.08,6.31
04-05-2020,10.44,18.24,3.23,25.13,0.7,45.95,5.56
05-05-2020,10.1,15.48,3.11,27.32,0.7,40.46,4.8
06-05-2020,10.77,21.49,1.32,25.96,0.7,42.2,5.03
07-05-2020,10.78,30.12,1.89,30.07,0.7,42.81,4.65
08-05-2020,11.62,21.17,None,27.47,0.67,47.39,None
09-05-2020,14.91,29.82,None,30.1,0.69,44.32,None
10-05-2020,13.28,24.58,None,29.75,0.68,44.24,None
11-05-2020,13.17,24.3,12.41,26.9,0.67,42.77,3.03
12-05-2020,12.54,28.16,4.08,26.48,0.75,41.41,2.2
13-05-2020,14.33,30.75,3.97,29.28,0.68,41.76,4.13
14-05-2020,13.35,27.38,None,26.58,0.64,42.15,None
15-05-2020,12.4,24.16,None,28.73,0.68,39.7,None
16-05-2020,10.99,22.77,None,30.33,0.63,41.82,None
17-05-2020,None,60.53,11,25.79,0.67,41.73,1.89
18-05-2020,None,59.59,0.38,24.47,0.66,44.86,0.34
19-05-2020,None,41.27,6.43,21.83,0.64,45.06,1.75
20-05-2020,None,None,7.93,15.46,0.6,43.45,3.16
21-05-2020,15.18,22.25,15.33,14.23,0.59,41.68,7.64
22-05-2020,11.67,15.71,12.88,8.33,0.52,41.43,6.55
23-05-2020,11.8,16.16,6.27,7.33,0.49,42.62,3.84
24-05-2020,14.23,25.56,6.32,6.4,0.48,40.38,3.81
25-05-2020,11.7,30.06,6.25,5.73,0.44,38.87,3.84
26-05-2020,12.44,34.01,6.3,5.79,0.44,38.5,3.84
27-05-2020,13.58,35.55,6.35,5.64,0.44,38.2,3.82
28-05-2020,13.16,33.25,6.33,5.59,0.42,38.21,3.81
29-05-2020,13.94,31.14,6.28,5.78,0.42,36.58,3.83
30-05-2020,9.24,22.82,6.31,6.37,0.41,36.6,3.82
31-05-2020,10.58,24.37,6.32,6.71,0.4,35.68,3.82
01-06-2020,10.4,27.96,6.31,6.78,0.4,35.48,3.82
02-06-2020,15.65,27.81,6.23,4.01,0.5,41.53,3.85
03-06-2020,24.16,33.03,6.26,4.6,0.61,40.61,3.84
04-06-2020,11.33,19.19,6.3,3.1,0.4,35.1,3.81
05-06-2020,92.35,143.9,6.28,1.09,0.43,28.9,3.82
06-06-2020,10.16,26.32,6.3,3.11,0.38,33.76,3.81
07-06-2020,11.17,23.53,6.26,3.51,0.34,30.3,3.82
08-06-2020,9.99,29.56,6.3,1.03,0.34,27.56,3.81
09-06-2020,6.25,17.76,6.3,0.2,0.41,27.52,3.8
10-06-2020,8.88,18.7,6.29,0.16,0.45,28.6,3.8
11-06-2020,13.93,21.92,6.35,0.26,0.46,29.26,3.79
12-06-2020,15.78,20.53,6.31,0.35,0.43,28.96,3.82
13-06-2020,13.79,23.49,6.31,None,0.33,None,3.81
14-06-2020,12.69,17.52,6.3,None,0.29,None,3.81
15-06-2020,22.14,22.7,6.27,None,0.38,None,3.82
16-06-2020,24.47,26.54,6.32,None,0.35,None,3.8
17-06-2020,13.38,22.84,6.31,None,0.42,None,3.81
18-06-2020,6.37,18.95,6.3,None,0.42,None,3.82
19-06-2020,9.35,23.09,12.14,4.46,0.34,30.66,5.51
20-06-2020,14.53,31.41,8.25,3.35,0.33,20.58,19.83
21-06-2020,14.42,31.56,6.51,1.97,0.39,3.92,16.08
22-06-2020,13.32,27.33,7.12,2.05,0.38,4.65,13.92
23-06-2020,12.13,28.16,6.66,2.13,0.42,5.02,12.87
24-06-2020,12.02,23.96,9.17,1.95,0.42,5.86,14.3
25-06-2020,8.72,18.86,8.39,1.36,0.42,6.11,23.94
26-06-2020,13.48,22.69,9.21,1.78,0.44,3.96,16.54
27-06-2020,14.5,24.47,9.94,1.97,0.44,3.16,17.87
28-06-2020,19.37,31.62,8.36,2.14,0.44,3.57,16.78
29-06-2020,14.2,24.5,9.38,2.1,0.42,3.27,14.39
30-06-2020,7.37,16.57,7.75,2.65,0.44,4.25,13.93
01-07-2020,None,None,2.16,88.07,0.25,21.17,1.25
02-07-2020,None,None,None,None,None,None,None
03-07-2020,None,None,None,None,None,None,None
04-07-2020,5,13.29,12.63,3.92,0.18,4.83,17.19
05-07-2020,7.07,20.31,10.76,6.24,0.11,5.5,11.88
06-07-2020,13.19,27.95,10.24,6.58,0.05,4.59,8.87
07-07-2020,15.9,31.93,11.07,6.47,0,6.46,9.25
08-07-2020,10.96,25.48,11.04,5.96,0,8.02,7.69
09-07-2020,12.5,28.25,11.54,5.58,0.07,3.91,6.21
10-07-2020,12.13,25.68,11.08,6.07,0.16,3.79,6.6
11-07-2020,13.36,27.27,10.43,6.08,0.15,3.81,6.51
12-07-2020,11.21,26.06,11.18,5.95,0.15,3.2,6.6
13-07-2020,9.07,18.58,11.71,5.62,0.13,3.81,6.23
14-07-2020,7.34,17.34,12.59,5.23,0.17,3.35,9.24
15-07-2020,7.03,15.99,13.11,5.21,0.17,4.04,13.09
16-07-2020,6.8,14.91,12.93,5.75,0.17,3.26,10.57
17-07-2020,8.38,17.46,10.86,6,0.16,4.58,9.4
18-07-2020,10.97,20,11.91,5.61,0.15,4.48,8.26
19-07-2020,13.99,26.75,12.45,5.51,0.17,2.72,7.72
20-07-2020,13.47,30.01,11.49,5.8,0.17,2.27,8.58
21-07-2020,14.51,31.74,11.93,6.37,0.19,2.47,7.35
22-07-2020,11.79,25.22,13.46,6.79,0.17,2.68,7.28
23-07-2020,9.04,19.89,13.91,5.95,0.17,2.61,11.6
24-07-2020,10.85,19.41,15.72,6.38,0.19,2.53,10.02
25-07-2020,12.9,24.67,20.16,6.96,0.32,3.13,7.7
26-07-2020,7.46,17.41,14.97,5.94,0.28,3.13,8.47
27-07-2020,7.33,15.74,14.44,6.63,0.26,3.37,9.23
28-07-2020,8.4,18.81,12.05,5.72,0.28,3.02,8.5
29-07-2020,10.4,22.71,20.7,6.4,0.32,2.14,6.69
30-07-2020,13.65,22.64,18.06,6.79,0.33,1.97,5.96
31-07-2020,6.93,None,11.55,6.92,0.31,1.27,5.82
01-08-2020,7.26,None,12.09,7.07,0.31,1,6.08
02-08-2020,7.61,None,14.09,6.61,0.28,1.68,7.74
03-08-2020,7.08,None,11.77,5.88,0.28,2.75,11.31
04-08-2020,5.82,None,10.1,5.21,0.29,3.13,8.9
05-08-2020,7.69,None,10.06,5.48,0.28,1.92,6.57
06-08-2020,12.27,None,10.44,5.71,0.29,2.06,5.82
07-08-2020,9.44,23.59,10.14,7.33,0.29,6.22,6.25
08-08-2020,12.62,32.25,11.31,5.33,0.29,5.93,6.8
09-08-2020,12.19,33.98,11.77,5.51,0.26,4.8,6.28
10-08-2020,13.89,37.25,10.49,6.15,0.21,4.42,6.12
11-08-2020,11.01,31.01,11.88,6.14,0.21,4.62,5.44
12-08-2020,None,32.71,11.94,6.02,0.21,4.91,5.08
13-08-2020,None,26.84,10.91,5.5,0.2,4.82,4.9
14-08-2020,None,28.65,10.72,5.61,0.2,4.12,4.86
15-08-2020,None,27.74,12.4,5.49,0.2,4.12,4.65
16-08-2020,None,31.82,11.5,5.78,0.2,4.22,4.77
17-08-2020,None,32.63,10.64,5.9,0.2,3.85,4.71
18-08-2020,None,30.49,11.97,5.94,0.21,3.51,4.56
19-08-2020,None,25.25,11.89,5.84,0.26,3.28,4.58
20-08-2020,None,24.67,10.87,6.05,0.28,2.81,4.68
21-08-2020,None,23.73,11.87,6.15,0.29,2.34,4.82
22-08-2020,None,22.76,11.48,5.84,0.29,2.23,4.62
23-08-2020,10.22,24.86,11.15,5.97,0.28,1.91,4.65
24-08-2020,11.28,27.48,10.17,None,0.29,None,5.49
25-08-2020,11.74,28.64,11.79,6.4,0.34,3.35,5.89
26-08-2020,13.29,27.57,11.31,6.08,0.34,3.01,5.62
27-08-2020,11.74,24.87,11.27,6.17,0.35,2.58,5.39
28-08-2020,12.92,27.3,10.95,6.22,0.33,2.59,5.33
29-08-2020,10.45,23.25,12.75,6.46,0.36,2.33,5.29
30-08-2020,12.1,22.03,12.44,6.73,0.37,1.99,5.2
31-08-2020,11.64,22.44,11.57,7.07,0.36,2.41,5.37
01-09-2020,12.49,24.66,11.12,7,0.37,2.41,7.56
02-09-2020,13.52,25.48,14.88,7.94,0.4,1.86,8.33
03-09-2020,17.34,35.35,19.49,6.26,0.43,1.61,7.61
04-09-2020,21.5,44.09,22.5,6.95,0.5,0.44,6.08
05-09-2020,32.27,45.73,34.43,8.52,0.62,1.39,21.5
06-09-2020,35,50.15,22.66,6.86,0.5,4.07,16.38
07-09-2020,43.59,58.21,21.09,5.47,0.51,0.04,14.22
08-09-2020,14.55,29.49,19.98,5.03,0.39,0.3,10.84
09-09-2020,17.7,32.18,19.36,5.01,0.41,1.2,9.75
10-09-2020,25.23,40.31,22.41,6.37,0.4,1.08,10.6
11-09-2020,17.89,28.31,19.09,5.3,0.45,0.19,9.89
12-09-2020,31.73,57.22,37.14,5.45,0.56,0.6,12.21
13-09-2020,11.28,26.08,20.72,5.44,0.46,0.89,11.58
14-09-2020,12.72,24.65,11.81,5.39,0.35,2.3,11.11
15-09-2020,13.21,22.91,15.14,2.76,0.31,0.63,6.76
16-09-2020,12.61,18.87,14.36,2.7,0.36,0.42,8.8
17-09-2020,14.72,27.01,19.21,3.31,0.4,0.57,9.42
18-09-2020,15.67,27.08,17.49,6.03,0.46,0.48,11.13
19-09-2020,15.26,22.87,21.36,8.68,0.45,1.66,14.68
20-09-2020,19.85,30.28,20.65,5.75,0.54,1.29,9.08
21-09-2020,20.17,25.94,23.47,10.38,0.61,1.88,12.76
22-09-2020,21.32,27.12,25.41,10,0.6,1.2,13.62
23-09-2020,20.06,26.91,24.26,11.42,0.62,4,21.91
24-09-2020,13.41,19.69,13.65,9.74,0.52,6.39,16.14
25-09-2020,12.29,18.78,21.54,7.09,0.49,3.52,11.45
26-09-2020,16.28,24.19,17.09,6.16,0.47,0.61,10.42
27-09-2020,14.61,30.9,12.17,5.3,0.41,2.21,14.55
28-09-2020,18.52,33.08,15.14,6.62,0.52,2.54,13.45
29-09-2020,19.3,32.46,18.5,7.62,0.54,2.39,11.68
30-09-2020,19.53,35.35,19.37,7.56,0.51,2.81,12.97
01-10-2020,26.85,33.2,25.43,5.94,0.49,1.21,12.48
02-10-2020,23.83,37.59,22.65,6.12,0.51,3.95,16.73
03-10-2020,32.24,41.35,25.1,6.38,0.52,3.41,13.39
04-10-2020,39.29,47.07,34.24,6.68,0.62,0.43,9.93
05-10-2020,21.02,25.41,22.85,5.84,0.6,2.57,13.48
06-10-2020,22.05,27.93,16.94,6.78,0.51,1.9,12.27
07-10-2020,33.36,41.08,27.2,8.77,0.54,4.26,17.38
08-10-2020,40.97,46.09,29.24,8.12,0.58,5.75,21.91
09-10-2020,43.99,52.71,21,6.88,0.55,5.64,15.28
10-10-2020,56.33,53,30.8,5.58,0.79,7.77,15.61
11-10-2020,81.63,92.34,27.2,7.08,0.87,9.64,18.73
12-10-2020,43.36,47.82,26.77,6.25,0.74,20.78,21.76
13-10-2020,48.74,58.56,20.71,4.59,0.68,18.41,16.15
14-10-2020,38.39,46.11,23.07,5.46,0.7,12.91,17.05
15-10-2020,34.73,39.66,34.29,6.49,0.76,12.69,20.4
16-10-2020,19.35,25.46,23.5,5.06,0.72,18.95,15.55
17-10-2020,22.95,31.53,27.97,4.75,0.69,11.59,10.44
18-10-2020,24.01,33.61,12.18,2.24,0.5,17.53,11
19-10-2020,22.09,34.5,14.47,4.74,0.52,11.71,17
20-10-2020,27.71,39.25,17.4,6.11,0.66,8.58,14.54
21-10-2020,35.86,30,25.6,7.11,0.73,10.42,13.01
22-10-2020,39.65,None,32.89,6.11,0.74,17.08,12.08
23-10-2020,48.09,None,49.81,7.89,0.88,11.75,13.34
24-10-2020,38.1,36.26,37.37,8.04,0.79,16.28,12.15
25-10-2020,None,28.15,15.66,8.74,0.75,14.13,13.96
26-10-2020,None,46.32,22.99,9.59,0.84,17.82,19.91
27-10-2020,None,46.34,37.04,8.21,0.9,19.83,20.91
28-10-2020,39.84,51.28,51.85,9.89,0.9,12.94,23.73
29-10-2020,None,74.81,60.5,9.24,1.02,7.5,18.97
30-10-2020,None,None,None,None,None,None,None
31-10-2020,None,None,None,None,None,None,None
01-11-2020,None,62.38,43.09,14.04,1.02,12.43,22.42
02-11-2020,None,64.78,67.41,12.1,1.03,5.2,22.09
03-11-2020,None,75.31,63.22,11.15,1.21,0.56,21.28
04-11-2020,None,78.63,47.48,10.83,1.09,1.61,13.79
05-11-2020,None,79.82,67.46,14.97,1.22,6.89,24.43
06-11-2020,None,84.2,74.14,11.81,1.2,4.22,22.78
07-11-2020,None,None,None,None,None,None,None
08-11-2020,None,62.02,51.68,16.16,1.2,8.21,30.32
09-11-2020,None,63.52,60.04,23.36,1.07,6.03,30.18
10-11-2020,125,72,72.49,18.44,1.14,5.65,24.71
11-11-2020,77.04,80.76,64.63,25.2,1.02,5.8,25.79
12-11-2020,61.33,64.87,75.19,26.51,1.12,4.28,28.01
13-11-2020,None,68.14,61.83,27.28,1.1,5.64,28.8
14-11-2020,48,68.67,74.18,22.93,1.24,2.52,35.3
15-11-2020,28.23,40.64,64.92,25.59,1.09,3.49,40.05
16-11-2020,None,None,55.15,16.92,1.23,9.63,34.19
17-11-2020,95.5,None,41.38,15.91,1.1,9.69,34.1
18-11-2020,52.72,75.57,48.24,18.55,1.17,7.94,34.82
19-11-2020,50.75,91.1,57.62,20.95,1.31,7.1,38.35
20-11-2020,47.24,87.05,54.75,23.69,1.15,6.27,40.23
21-11-2020,45.31,77.75,60.46,23.4,1.15,6.84,40.35
22-11-2020,40.9,77.74,47.19,17.78,1.08,7.06,36.42
23-11-2020,44.08,92.93,58.79,20.07,1.2,6,38.56
24-11-2020,34.73,80.68,52.47,19.04,1.14,5.82,31.14
25-11-2020,42.6,93.63,42.97,19.5,1.11,5.36,28.75
26-11-2020,70.62,129.81,62.21,22.4,1.45,4.84,36.88
27-11-2020,77.1,122.6,73.8,23.84,1.5,4.03,35.47
28-11-2020,55.62,79.38,60.87,36.3,1.01,3.01,31.26
29-11-2020,43,71.2,52.64,42.29,0.96,4.36,32.31
30-11-2020,24.6,42.16,37.91,14.37,0.91,3.7,37.69
01-12-2020,52.29,79.26,63.33,19.03,1.25,3.82,34.75
02-12-2020,59.79,85.23,57.14,24.51,1.18,3,38.58
03-12-2020,72.05,96.8,52.47,24.81,1.22,3.07,33.41
04-12-2020,57.81,76.59,52.58,25.85,1.15,3.67,29.36
05-12-2020,69.1,85.21,69.15,30.62,1.25,3.13,32.83
06-12-2020,71.18,88.82,84.08,27.91,1.37,4.16,34.77
07-12-2020,60.98,77.35,81.75,31.08,1.11,3.88,31.42
08-12-2020,53.4,63.78,54.24,17.47,1.01,3.56,23.23
09-12-2020,43.25,61.76,56.97,13.89,0.87,3.51,20.79
10-12-2020,49.28,70.13,74.21,9.71,0.96,3.14,19.25
11-12-2020,48.88,71.22,46.92,10.71,0.93,5.84,15.72
12-12-2020,58.34,86.46,61.5,14.06,1.25,7.03,19.41
13-12-2020,40.39,65.18,41.29,15.87,0.96,7.04,17.4
14-12-2020,42.67,68.6,51.46,9.61,0.89,5.76,21.66
15-12-2020,28.3,57.74,41.03,9.34,0.81,5.1,24.73
16-12-2020,47.36,77.24,54.17,11.56,0.89,4.03,44.41
17-12-2020,61.02,86.76,44.58,11.83,0.97,4.2,17.8
18-12-2020,66.55,83.59,45.17,14.3,0.95,6.65,11.34
19-12-2020,70.32,84.85,46.71,15.34,1.03,6.3,15.42
20-12-2020,57.39,70.21,57.87,11.94,0.89,4.73,23.97
21-12-2020,53.4,66.14,62.72,20.73,0.88,3.84,52.09
22-12-2020,44.44,54.43,58.98,14.48,0.79,3.5,23.92
23-12-2020,48.73,61.21,82.3,20.21,0.95,4.78,27.76
24-12-2020,57.42,78.78,92.95,18.44,1.16,4.46,28.77
25-12-2020,47.33,70.83,71.34,17.42,1.05,3.84,23.95
26-12-2020,53.42,80.12,74.29,12.21,1.26,8.11,23.8
27-12-2020,60.2,84.84,66.47,19.06,1.37,6.77,25.59
28-12-2020,71.4,88.19,61.41,28.01,1.15,3.15,36.6
29-12-2020,43.96,65.38,45.26,20.7,0.79,0.84,22.55
30-12-2020,55.33,75.8,61.88,15.86,0.93,2.73,22.85
31-12-2020,71.34,97.04,62.92,15.42,1.19,10.27,28.54
01-01-2021,76.39,108.47,74.87,10.21,1.58,8.58,36.58
02-01-2021,82.79,106.18,59.23,4.68,1.69,7.43,23.62
03-01-2021,69.68,104.89,28.98,1.3,1.4,9.65,27.26
04-01-2021,60.34,81.6,38.45,0.78,1.24,9.45,20.04
05-01-2021,78.82,97.25,46.59,12.06,1.66,9.77,31
06-01-2021,74.95,99.29,32.14,12.22,1.43,15.29,28.93
07-01-2021,76.12,110.36,37.82,11.66,1.6,12.32,24.71
08-01-2021,63.48,105.14,47.58,12.85,1.6,10.53,34.22
09-01-2021,66.26,104.06,38.22,8.63,1.77,6.87,30.09
10-01-2021,54.23,91.82,33.5,7.19,1.54,3.19,21.92
11-01-2021,60.19,86.54,28.79,9.33,1.63,1.79,20.4
12-01-2021,61.36,92.79,38.04,10.13,1.66,4.13,22.47
13-01-2021,68.67,98.7,39.66,10.07,1.61,1.26,13.68
14-01-2021,50.21,79.68,26.69,12.8,1.38,3.15,19.28
15-01-2021,52.13,84.57,27.75,11.67,1.37,1.61,32.6
16-01-2021,30.39,53.09,33.78,10.71,0.99,1.72,25.55
17-01-2021,35.96,60.91,60.61,8.3,1,7.09,75.78
18-01-2021,31.16,57.91,33.24,3.48,0.95,4.31,22.95
19-01-2021,18.22,36.38,22.4,3.76,0.72,31.87,14.9
20-01-2021,35.56,63.09,46.08,3.23,1.13,0.01,26.83
21-01-2021,49.19,76.67,62.78,6.2,1.47,5.16,26.39
22-01-2021,45.97,79.68,37.75,10.04,1.09,8.99,22.4
23-01-2021,58.76,95.59,56.06,9.01,1.23,6.4,25.11
24-01-2021,62.97,104.33,55.13,15.26,1.42,9.09,26.66
25-01-2021,38.39,69.79,33.08,11.04,0.93,7.73,19.38
26-01-2021,52.96,90.82,46.56,10.21,1.01,6.89,20.28
27-01-2021,50.47,92.06,47.42,11.46,1.22,7.03,28.07
28-01-2021,42.76,80.66,48.99,8.26,1.31,7.49,22.83
29-01-2021,45.16,86.06,53.11,8.48,1.41,8.36,21.83
30-01-2021,45.02,76.78,69.06,7.71,1.42,5.57,20.22
31-01-2021,55.08,90.47,71.97,13.13,1.55,6.11,25.97
01-02-2021,45.45,78.38,67.13,10,1.6,5.76,23.85
02-02-2021,39.76,76.09,57.08,7.18,1.46,5.25,19.25
03-02-2021,54.07,87.07,62.27,11.9,1.35,4.72,26.48
04-02-2021,50.54,74.53,78.2,17.48,1.5,2.24,32.66
05-02-2021,55.09,86.28,76.3,22.08,1.52,1.1,33.83
06-02-2021,42.29,73.13,45.07,19.15,1.22,0.91,22.25
07-02-2021,35.49,62.52,65.17,20.35,1.18,1.02,18.54
08-02-2021,32.56,56.09,52.05,21.75,1.03,1.28,21.49
09-02-2021,42.63,76.86,83.44,20.78,1.27,0.53,22.4
10-02-2021,49.29,78.72,66.92,24.47,1.27,0.68,23.16
11-02-2021,59.65,89.4,69.85,11.74,1.59,1.45,19.42
12-02-2021,64.09,103.1,76.87,13.65,1.91,0.3,23.89
13-02-2021,55.66,90.93,56.36,13.89,1.79,0.68,18.99
14-02-2021,41.68,67.61,45.19,14.79,1.4,4.04,18.62
15-02-2021,27.18,47.21,26.32,9.91,0.99,None,14.73
16-02-2021,24.3,45.23,18.61,7.31,0.8,None,12.01
17-02-2021,23.16,39.28,24.53,8.98,0.85,0.01,13.87
18-02-2021,28.56,43.53,25.9,6.54,0.85,1.25,11.61
19-02-2021,64.68,76.8,44.99,7.25,1.38,1.18,15.17
20-02-2021,21.08,35.45,40.05,8.88,0.96,0.43,15.01
21-02-2021,25.16,39.97,39.61,9.52,0.97,1.1,15.84
22-02-2021,28.42,47.21,45.57,15.81,1.18,1.11,16.79
23-02-2021,43.4,63.05,53.08,22.19,1.32,0.39,17.44
24-02-2021,50.47,73.4,38.98,24.45,1.34,1.13,14
25-02-2021,55.93,87.05,50.82,21.71,1.56,1.83,14.06
26-02-2021,41.64,65.99,34.98,19.14,1.43,0.03,10.14
27-02-2021,28.25,50.54,25.17,21.29,1.17,1.46,11.67
28-02-2021,22.56,45.31,23.5,19.24,0.8,2.02,9.04
01-03-2021,32.07,53.87,28.48,14.69,1.06,0.03,9.77
02-03-2021,41.27,67.49,32.27,16.9,1.46,0.92,12.77
03-03-2021,51.49,69.5,36.19,23.63,1.44,0.1,19.47
04-03-2021,36.41,61.32,45.01,27.11,1.29,0.03,20.61
05-03-2021,50.08,72.65,49.32,28.7,1.52,0.6,21.23
06-03-2021,42.85,64.73,35.28,28.69,1.58,0.06,20.39
07-03-2021,35.57,50.06,22.21,23.07,1.34,1.26,17.26
08-03-2021,31.24,45.26,28.06,25.72,1.15,0.64,19.91
09-03-2021,25.68,42.01,26.86,61.28,1.02,0.05,22.13
10-03-2021,35.69,56.86,36.16,107.15,1.05,1.09,13.57
11-03-2021,32.09,56.25,33.48,125.28,1.19,0.64,14.85
12-03-2021,25.52,44.02,20.76,133.19,0.89,0.91,11.05
13-03-2021,24,38.21,21.42,102.19,0.86,0.12,11.55
14-03-2021,48.78,75.61,29.24,113.95,1.27,1.29,13.46
15-03-2021,40.94,65.32,30.94,116.92,1.16,0.96,14.86
16-03-2021,43.53,65.69,30.99,52.09,1.39,10.56,12.67
17-03-2021,43.98,58.85,28.17,180.1,1.07,1.73,12.96
18-03-2021,58.71,75.3,39.48,None,1.32,0.48,16.78
19-03-2021,41.49,54.66,22.13,96.26,1.05,0.36,12
20-03-2021,52.47,65.34,24.55,78.14,0.91,0.5,13.94
21-03-2021,47.66,53.7,15.69,42.25,0.52,0.34,8.12
22-03-2021,43.22,50.8,26.37,107.91,0.73,0.51,12.11
23-03-2021,36.79,51.18,27.58,64.86,0.75,0.27,8.88
24-03-2021,44.99,64.36,34.91,97.24,0.93,0.41,13.3
25-03-2021,53.57,88.3,48.33,72.96,1.13,0.58,13.4
26-03-2021,52.4,83.87,62.02,60.4,1.4,0.41,15.09
27-03-2021,49.88,68.04,54.22,88.77,1.32,0.08,18.99
28-03-2021,52.01,76.45,59.24,104.02,1.59,0.26,17.81
29-03-2021,35.13,55.72,25.03,73.03,0.97,0.35,14
30-03-2021,None,53.76,15.25,18.11,0.77,0.5,8.38
31-03-2021,22.75,61.33,15.06,21.72,1.5,0.69,10.96
01-04-2021,32.39,87.09,14.57,33.29,1.35,0.7,16.35
02-04-2021,49.77,191.34,11.33,83.71,0.99,0.64,20.33
03-04-2021,48.46,127.4,13.94,69.21,0.75,0.83,20.37
04-04-2021,36.05,72.05,12.31,95.89,0.77,0.02,14.5
05-04-2021,34.54,54.77,10.78,59.43,0.64,0.02,11.73
06-04-2021,26.05,52.47,10.67,40.68,0.65,0.02,11.74
07-04-2021,39.66,None,14.41,87.49,0.68,0.02,10.06
08-04-2021,33.04,35.8,10.16,74.17,0.74,0.02,9.83
09-04-2021,29.76,30.6,10.07,78.78,0.78,0.02,12.39
10-04-2021,33.98,None,11.69,58.81,0.83,0.02,14.78
11-04-2021,38.43,None,7.68,0.05,0.58,0.02,8.27
12-04-2021,37.67,None,9.13,0.02,0.65,0.02,8.22
13-04-2021,35.49,None,14.04,53.02,0.77,0.02,13.31
14-04-2021,40.66,None,16.14,88.7,0.68,0.02,12.46
15-04-2021,35.29,64.97,8.01,75.38,0.45,0.02,9.42
16-04-2021,None,67.28,9.01,0.01,0.49,0.02,8.2
17-04-2021,None,40.39,8.51,None,0.41,0.02,7.36
18-04-2021,None,92.03,7.61,None,0.36,0.02,7.47
19-04-2021,None,106.38,7.91,None,0.39,0.02,8.95
20-04-2021,None,101.05,6.82,0.01,0.35,0.02,9.3
21-04-2021,None,65.1,6.61,0.02,0.32,0.02,11.09
22-04-2021,None,33.1,6.66,0.01,0.34,0.02,11.06
23-04-2021,None,31.25,6.91,0.01,0.35,0.02,8.6
24-04-2021,None,33.72,8,0.01,0.44,0.02,8.2
25-04-2021,None,34.39,8.46,0.01,0.44,0.02,8.14
26-04-2021,None,116.87,7.64,0.01,0.42,0.02,8.12
27-04-2021,None,244.2,7.17,None,0.49,0.02,8.16
28-04-2021,None,None,None,None,None,None,None
29-04-2021,None,None,None,None,None,None,None
30-04-2021,None,None,None,None,None,None,None
01-05-2021,None,None,None,None,None,None,None
02-05-2021,None,None,None,None,None,None,None
03-05-2021,None,None,None,None,None,None,None
04-05-2021,None,None,None,None,None,None,None
05-05-2021,None,None,None,None,None,None,None
06-05-2021,None,None,None,None,None,None,None
07-05-2021,None,None,None,None,None,None,None
08-05-2021,None,None,None,None,None,None,None
09-05-2021,None,None,None,None,None,None,None
10-05-2021,None,None,None,None,None,None,None
11-05-2021,None,None,None,None,None,None,None
12-05-2021,None,None,None,None,None,None,None
13-05-2021,None,None,None,None,None,None,None
14-05-2021,None,None,None,None,None,None,None
15-05-2021,None,None,None,None,None,None,None
16-05-2021,None,None,None,None,None,None,None
17-05-2021,None,None,None,None,None,None,None
18-05-2021,None,None,None,None,None,None,None
19-05-2021,None,None,None,None,None,None,None
20-05-2021,None,None,None,None,None,None,None
21-05-2021,117.7,90.38,15.86,19.41,0.93,14.6,57.3
22-05-2021,76.35,151.05,14.85,13.8,0.82,16.55,28.79
23-05-2021,39.08,148.61,9.56,12.26,0.6,17.03,21.19
24-05-2021,32.05,143.88,9.79,6.63,0.39,16.8,18.46
25-05-2021,29.63,140.93,9.5,3.84,0.3,16.38,18.39
26-05-2021,31.1,141.81,9.5,0.82,0.25,16.47,18.16
27-05-2021,19.87,137.95,8.32,0.29,0.21,16.38,16.58
28-05-2021,None,None,None,None,None,None,None
29-05-2021,None,None,None,None,None,None,None
30-05-2021,None,None,None,None,None,None,None
31-05-2021,None,None,None,None,None,None,None
01-06-2021,None,None,None,None,None,None,None
02-06-2021,None,None,None,None,None,None,None
03-06-2021,None,None,None,None,None,None,None
04-06-2021,None,None,None,None,None,None,None
05-06-2021,None,None,None,None,None,None,None
06-06-2021,None,None,None,None,None,None,None
07-06-2021,None,None,None,None,None,None,None
08-06-2021,None,None,None,None,None,None,None
09-06-2021,None,None,None,None,None,None,None
10-06-2021,None,None,None,None,None,None,None
11-06-2021,None,None,None,None,None,None,None
12-06-2021,5.57,120,8.3,0.01,0.67,16.06,21.83
13-06-2021,10.28,25.01,9.77,None,0.49,15.82,105.23
14-06-2021,12.48,27.81,10.34,None,0.35,15.74,119.52
15-06-2021,21.91,52.64,8.6,4.93,0.33,15.73,83.05
16-06-2021,16.9,36.26,7.15,None,0.35,15.91,30.34
17-06-2021,14.31,35.05,7.43,0.48,0.35,15.89,33.01
18-06-2021,33.22,82.89,6.63,16.73,0.48,15.68,30.19
19-06-2021,33.33,91.77,6.65,23.46,0.27,15.61,29.14
20-06-2021,24.92,57.95,10.8,8.49,0.55,15.69,26.36
21-06-2021,44.27,144.37,5.02,4.1,0.37,15.78,18.87
22-06-2021,37.02,116.47,7.37,None,0.39,16.01,14.75
23-06-2021,24.41,77.71,6.1,None,0.42,16.11,14.29
24-06-2021,22.73,70.15,5.76,None,0.44,16.06,18.57
25-06-2021,27.75,54.73,6.61,4.05,0.51,16.07,15.11
26-06-2021,16.55,46.08,8.63,10.99,0.66,16,13.72
27-06-2021,20.12,68.57,7.54,11.71,0.89,15.93,13.4
28-06-2021,17.45,57.45,9.47,5.58,0.35,16.14,8.73
29-06-2021,19.87,23.19,12.97,24.3,0.99,16.15,30.17
30-06-2021,14.43,35.75,0.96,16.9,0.71,16.14,131.75
01-07-2021,None,33.51,9.98,16.34,0.5,16.14,58.85
02-07-2021,None,52.11,8.07,24.4,0.71,16.15,12.96
03-07-2021,None,56.95,8.36,21.29,0.62,16.13,10.94
04-07-2021,20.04,46.55,7.89,19.89,0.43,15.94,13.61
05-07-2021,18.82,43.18,8.78,13.66,0.35,16.04,10.5
06-07-2021,21.87,59.77,9.47,14.73,0.38,16.11,11.72
07-07-2021,23.09,61.01,10.01,10.51,0.37,16.03,10.42
08-07-2021,24.38,63.1,9.76,9.79,0.41,15.92,10.42
09-07-2021,19.51,38.67,10.04,12.06,0.45,16.04,11.73
10-07-2021,22.52,38.42,14.58,15.47,0.61,16.07,11.24
11-07-2021,17.54,25.52,12.53,13.99,0.52,16,12.67
12-07-2021,13.41,16.4,9.54,7.86,0.49,15.96,11.09
13-07-2021,13.59,24.88,10.22,14.66,0.67,15.97,12.16
14-07-2021,16.01,28.2,8.29,11.88,0.57,15.75,14.78
15-07-2021,13.53,19.73,8.87,8.9,0.83,15.93,13.68
16-07-2021,11.81,20.01,9.93,14.89,0.71,12.07,14.11
17-07-2021,15.73,24.45,8.87,9.87,0.5,0.18,14.14
18-07-2021,14.64,25.31,8.32,7.44,0.66,0.38,14.84
19-07-2021,17.44,39.22,8.36,29.96,0.69,0.44,22.09
20-07-2021,21.54,49.72,8.55,7.57,0.64,0.54,16.56
21-07-2021,20.9,50.05,7.35,3.77,0.62,0.56,18.38
22-07-2021,22.25,50.24,7.43,6.39,0.57,0.43,25.08
23-07-2021,30.56,64.89,7.18,6.48,0.68,0.6,49.32
24-07-2021,29.77,52.12,7.16,6.77,1.01,0.44,38.99
25-07-2021,26.54,46.72,6.17,6.78,0.81,0.32,30.4
26-07-2021,27.89,49.07,7.45,5.71,0.65,0.42,26.25
27-07-2021,30.44,53.79,8.31,4.55,0.67,0.51,23.08
28-07-2021,24.6,43.08,7.46,5.63,0.64,0.49,21.41
29-07-2021,24.22,44.81,7.41,5.85,0.58,0.33,20.15
30-07-2021,26.11,48.37,9.23,4.13,0.75,0.44,16.78
31-07-2021,24.96,47.03,8.39,4.33,0.64,0.34,15.53
01-08-2021,23.11,41.84,7.58,3.95,0.71,0.43,17.27
02-08-2021,18.93,41.35,7.73,7,0.7,0.42,18.04
03-08-2021,19.13,39.33,8.01,5.79,0.74,0.29,13.07
04-08-2021,18.26,32.71,7.47,23.51,0.71,0.26,13.05
05-08-2021,21.89,40.74,7.37,22.34,0.67,0.29,11.23
06-08-2021,24.09,45.66,6.84,15.2,0.6,0.37,9.87
07-08-2021,26.72,53.14,6.54,None,None,None,14.16
08-08-2021,30.8,56.94,7.4,18.12,1.58,0.32,26.47
09-08-2021,28.32,47.9,6.48,15.64,0.95,0.29,24.01
10-08-2021,26.06,41.81,7.41,14.52,1.26,0.28,27.13
11-08-2021,26.29,41.68,7.19,15.54,1.55,0.26,24.96
12-08-2021,20.89,32.26,7.48,16.11,1.22,0.15,28.03
13-08-2021,23.95,43.01,6.61,18.7,1.79,0.27,27.19
14-08-2021,23.46,41.73,7.22,15.9,0.96,0.33,25.54
15-08-2021,19.94,31.39,6.6,15.53,1.01,2.01,24.15
16-08-2021,17.33,30.63,6.44,32.78,2.05,1.2,27.33
17-08-2021,21.28,32.86,8.42,39.55,1.69,0.26,26.64
18-08-2021,20.35,33.1,6.47,40.59,1.37,0.06,24.06
19-08-2021,21.72,27.38,7.22,39.05,1.71,1.18,20.99
20-08-2021,17.84,24.04,7.53,39.75,1.37,6.48,38.82
21-08-2021,17.6,22.74,7.37,37.98,1.07,4.79,27.34
22-08-2021,14.03,17.99,6.83,31.84,0.72,1.39,19.69
23-08-2021,15.99,21.54,5.46,21.6,0.65,4.13,16.54
24-08-2021,18.46,33.02,5.54,16.19,0.63,7.52,13.92
25-08-2021,17.32,27.08,6.28,22.65,0.7,10.44,22.1
26-08-2021,16.59,26.08,7.03,20.28,0.71,11.7,19.93
27-08-2021,12.68,22.7,5.61,18.92,0.66,16.27,19.05
28-08-2021,14.18,27.37,5.91,15.73,0.62,15.57,21.16
29-08-2021,23.36,54.76,6.36,16.09,0.64,14.14,23.59
30-08-2021,26.63,57.25,6.45,14.26,0.65,16.18,18.22
31-08-2021,20.93,54.75,6.74,14.45,0.69,15.29,18.45
01-09-2021,14.15,29.61,7.13,11.85,0.68,16.41,12.83
02-09-2021,12.02,25,7.22,19.44,1.85,14.56,23.35
03-09-2021,7.66,18.08,5.98,20.15,0.88,14.04,29.25
04-09-2021,10.43,21.88,6.08,21.32,1.36,15.76,46.84
05-09-2021,11.29,25.51,6.58,20.45,1.08,14.8,29.94
06-09-2021,13.56,33.73,6.37,18.75,1.13,16.48,32.74
07-09-2021,12.5,29.75,5.93,15.88,0.78,16.48,14.1
08-09-2021,9.47,19.26,7.81,16.3,1,16.66,19.42
09-09-2021,7.26,13.21,6.64,19.61,0.71,16.62,23.8
10-09-2021,11.36,20.58,5.73,14.28,0.82,16.44,14.45
11-09-2021,10.52,28.03,5.8,19.21,1.4,15.94,15.25
12-09-2021,9.82,28.21,6.55,25.58,1.61,16.37,16.64
13-09-2021,7.47,14.6,6.64,22.22,0.83,16.51,16.65
14-09-2021,13.51,45.25,9,21.06,2.11,16.4,15.82
15-09-2021,22.49,74.83,5.9,21.21,1.5,16.4,14.33
16-09-2021,20.63,66.22,6.09,20.95,1.41,16.52,14.12
17-09-2021,19.47,56.84,5.59,17.06,0.69,16.49,13.18
18-09-2021,16.8,44.39,5.95,16.43,1.29,16.05,13.3
19-09-2021,12.06,33.23,5.61,26.15,1.01,16.34,13.61
20-09-2021,None,None,None,None,None,None,None
21-09-2021,9.81,23.67,5.79,24.21,1.52,16.3,11.68
22-09-2021,10.31,16.93,5.53,28.16,1.39,16.37,12.12
23-09-2021,9.34,23.98,5.55,28.19,1.28,16.41,11.53
24-09-2021,17.67,37.85,5.93,24.13,1.15,16.34,12.07
25-09-2021,13.72,37.13,5.82,21.44,1.57,16.38,11.4
26-09-2021,16.49,36.01,5.56,22.98,1.18,15.72,12.33
27-09-2021,14.02,37.22,5.83,19.93,0.79,16.56,10.39
28-09-2021,10.83,19.8,5.71,13.28,0.74,16.58,8.73
29-09-2021,8.92,18.43,5.71,23.34,1.83,9.42,11.48
30-09-2021,8.47,17.78,5.48,22.32,0.8,15.26,11.2
01-10-2021,10.18,23.27,5.5,20.09,2.13,16.1,11.07
02-10-2021,20.42,54.68,5.37,20.09,1.1,15.96,9.6
03-10-2021,26.59,81.13,6.36,27.91,1.5,16.61,9.42
04-10-2021,35.72,58.57,7.36,45.89,1.97,16.38,11.9
05-10-2021,37.13,62.04,7.86,44.81,3.11,16.29,10.72
06-10-2021,29.87,58.1,7.69,67.72,2.93,16.43,11.8
07-10-2021,32.23,56.77,7.46,50.13,2.06,16.47,13.02
08-10-2021,34.3,47.9,6.44,3.59,1.93,16.42,12.05
09-10-2021,17.17,28.79,5.04,2.2,0.99,16.62,10.98
10-10-2021,10.17,23.36,5.17,5.96,0.94,16.52,12.84
11-10-2021,12.03,35.87,5.6,22.17,1.18,16.58,14.63
12-10-2021,26.56,60.13,5.87,24.3,0.96,16.6,12.47
13-10-2021,34.55,65.95,6.98,17.01,0.8,16.5,12.7
14-10-2021,44.93,80.02,7.02,10.58,0.87,16.67,12.57
15-10-2021,77.46,140.78,7.64,9.28,1.07,16.39,11.9
16-10-2021,71.25,148.81,8.57,6.09,1.12,16.48,9.16
17-10-2021,51.53,118.85,8.76,1.96,0.88,16.4,8.47
18-10-2021,60.5,146.88,8.49,3.12,1.02,16.4,8.39
19-10-2021,28.19,85.51,6.41,0.9,0.68,16.61,8.13
20-10-2021,28.73,71.79,6.48,1.16,0.7,16.65,8.11
21-10-2021,31.4,67.36,7.76,0.1,0.73,16.62,7.94
22-10-2021,45.7,None,8.61,0.11,0.88,16.43,7.87
23-10-2021,63.39,None,9.86,0.28,1.14,16.38,7.87
24-10-2021,32.1,None,7.02,0.11,0.76,16.47,7.72
25-10-2021,14.55,None,6.77,0.11,0.66,16.66,7.6
26-10-2021,15.72,52.75,6.74,0.1,0.7,16.7,7.72
27-10-2021,55.33,98.28,7.9,6.85,1.27,16.48,10.26
28-10-2021,59.09,115.1,7.87,9.62,1.3,16.49,10.28
29-10-2021,69.11,118.25,9.05,16.02,2.23,16.43,10.81
30-10-2021,62.62,122.15,11.58,16.92,2.14,16.34,11.98
31-10-2021,63.44,125.63,11.73,19.09,1.43,16.4,11.78
01-11-2021,69.24,141.28,11.46,20.92,1.17,16.3,11.04
02-11-2021,91.54,176.17,11.68,17.39,1.33,16.35,9.83
03-11-2021,100.67,193.14,11.63,27.96,3.05,16.24,12.55
04-11-2021,80.23,148.18,12.32,36.47,1.95,16.39,11.39
05-11-2021,82.62,129.45,11.59,27.36,2.36,16.35,12.03
06-11-2021,75.56,129.71,9.96,1.71,1.51,16.39,10.85
07-11-2021,31.91,63.12,7.72,None,0.94,16.64,8.91
08-11-2021,46.92,85.89,8.08,7.81,1.21,16.37,8.95
09-11-2021,74.52,113.88,7.58,54.69,2.58,16.28,12.81
10-11-2021,85.64,139.31,9.17,63.67,2.63,16.41,13.69
11-11-2021,80.62,164.64,10.81,57.27,1.68,16.31,11.54
12-11-2021,84.11,None,11.85,48.12,1.81,16.27,9.76
13-11-2021,82.03,140.72,10.55,64.65,2.4,16.2,14.46
14-11-2021,88.11,149.85,10.01,56.64,2.68,16.26,17.14
15-11-2021,97.2,156.27,10.13,56.46,2.86,16.33,14.9
16-11-2021,95.59,159.23,7.69,57.3,2.44,16.52,14.05
17-11-2021,89.7,149.78,8.99,49.83,2.31,16.4,13.08
18-11-2021,46.22,74.3,7,52.09,2.25,16.49,13.23
19-11-2021,22.52,42.34,6.63,52.78,1.64,16.49,12.95
20-11-2021,43.12,86.63,7.68,47.18,1.02,16.4,10.65
21-11-2021,51.19,93.71,7.45,50.38,1.44,16.25,10.92
22-11-2021,13.06,28.19,6.5,45.28,0.2,16.36,10.32
23-11-2021,15.96,38.07,5.82,39.29,0.61,16.4,9.72
24-11-2021,30.64,59.88,6.77,35.72,0.35,16.46,9.54
25-11-2021,57.89,99.71,7.12,34.69,0.55,16.44,10
26-11-2021,66.46,116.12,8.74,36.11,0.72,16.36,10.33
27-11-2021,72.29,130.09,9.35,36.97,1.02,16.39,10.28
28-11-2021,75.34,126.64,8.33,38.82,0.82,16.36,10.92
29-11-2021,63.01,122.01,8.45,31.43,0.67,16.46,8.59
30-11-2021,53.16,98.94,9.59,30.93,0.56,16.41,8.84
01-12-2021,66.62,129.52,9.85,30.6,0.58,16.33,8.75
02-12-2021,55.26,95.41,10.71,30.52,0.69,16.38,8.59
03-12-2021,27.46,50.33,8.03,28.04,0.54,16.5,8.4
04-12-2021,38.31,74.23,6.83,33.93,1.57,16.53,8.76
05-12-2021,42.51,87.15,7.04,31.47,0.76,16.54,8.58
06-12-2021,29.85,68.41,6.68,29.92,0.6,16.61,8.11
07-12-2021,70.32,126.28,7.8,21.04,0.9,16.41,9.11
08-12-2021,88.5,152.73,9.77,15.08,1.51,16.55,10.42
09-12-2021,92.89,155.96,9.81,14.69,1.56,16.51,10.29
10-12-2021,82.56,143.71,8.63,14.69,0.89,16.42,9.73
11-12-2021,84.15,156.35,9.19,16.15,1,16.32,9.32
12-12-2021,75.45,153.83,8.53,None,None,None,9.59
13-12-2021,72.86,153.9,8.23,20.19,0.93,16.53,8.69
14-12-2021,63.68,132.24,8.12,22.14,0.84,16.55,9.11
15-12-2021,69.52,130.38,7.49,20.88,0.72,16.53,9.61
16-12-2021,78.7,142.4,7.57,22.62,0.77,16.55,10.86
17-12-2021,104.36,182.69,8.81,20,0.99,16.22,9.18
18-12-2021,103.05,182.7,9.75,22.19,1.07,16.48,9.31
19-12-2021,101.69,185.81,10.16,26.25,1.15,16.53,9.64
20-12-2021,78.44,151.43,9.48,27.26,0.96,16.47,9.1
21-12-2021,83.86,147.46,9.95,22.88,0.89,16.42,8.95
22-12-2021,89.68,173.24,10.18,23.56,1.02,16.41,9.41
23-12-2021,91.07,178.95,10.58,19.12,1.1,16.18,8.61
24-12-2021,72.52,143.33,9.78,19.95,0.94,16.21,8.4
25-12-2021,41.46,93.52,9.21,23.69,0.68,16.35,8.25
26-12-2021,46.23,89.63,8.52,16.35,0.63,16.51,8.22
27-12-2021,73.71,142.78,9.9,14.9,0.86,16.13,8.11
28-12-2021,75.62,151.21,11.02,15.69,1.06,16.27,8.08
29-12-2021,77.48,158.04,9.73,23.11,1.04,16.31,8.04
30-12-2021,47.51,101.33,9.16,15.21,0.76,16.17,8.01
31-12-2021,58.5,124.62,11.15,12.21,0.87,16.1,8.04
01-01-2022,55.74,116.56,10.66,10.5,0.72,16.32,8.02
02-01-2022,52.26,111.27,8.5,22.33,0.77,16.18,8.5
03-01-2022,56.66,120.21,9.35,23.32,0.9,16.53,8.49
04-01-2022,61.15,123.23,9.06,26.14,0.98,16.37,8.65
05-01-2022,86.9,154.63,12.13,30.55,1.25,16.23,9.28
06-01-2022,74.61,151.99,9.69,32.57,1.09,16.27,8.45
07-01-2022,57.19,119.26,8.02,41.23,0.82,16.34,8.19
08-01-2022,65.78,140.44,8.08,41.1,0.86,16.59,8.36
09-01-2022,33.4,73.8,7.38,39.38,0.57,16.41,8.39
10-01-2022,22.63,60.15,7.16,42.99,0.54,16.57,8.06
11-01-2022,28.6,72.19,8.56,30.94,0.68,17.14,7.8
12-01-2022,48.51,105.82,11.21,0.1,0.79,16.64,8.75
13-01-2022,41.95,97.1,10.26,5.57,0.78,16.64,8.83
14-01-2022,None,None,None,None,None,None,None
15-01-2022,69.65,132.65,10.97,13.78,0.89,16.42,9.26
16-01-2022,64.67,125.89,9.87,20.37,0.93,17.06,9.07
17-01-2022,61.29,119.21,11.18,19.79,0.91,16.71,9.43
18-01-2022,68.1,134.03,9.96,10.06,0.94,16.61,9.37
19-01-2022,71.82,138.35,9.92,2.46,1.02,16.61,8.36
20-01-2022,75.16,149.04,10.63,1.96,1.05,16.73,8.31
21-01-2022,44.08,88.24,7.46,1.79,0.75,16.44,8.16
22-01-2022,52.55,108.87,7.65,6.82,0.73,16.98,8.68
23-01-2022,36.25,84.2,6.01,7.34,0.6,17.22,8.49
24-01-2022,272.76,543.83,5.85,None,0.42,16.3,8.15
25-01-2022,147.68,334.41,7.33,2.28,0.53,16.09,7.98
26-01-2022,130.28,274.2,8.37,8.62,0.8,16.29,9.28
27-01-2022,105.79,221.07,8.51,3.55,0.79,16.09,9.02
28-01-2022,100.31,209.61,9.46,7.55,1.08,16.04,9.27
29-01-2022,67.3,143.18,17.48,17.63,0.6,0.13,10.95
30-01-2022,70.44,143.99,23.03,6.72,0.64,0.41,11.21
31-01-2022,None,None,None,None,None,None,None
01-02-2022,79.31,147.06,37.37,5.33,0.82,0.76,18.6
02-02-2022,62.84,123.13,42.24,3.85,0.72,1.71,14.56
03-02-2022,78.19,141.36,33.96,3,0.74,1.92,15.64
04-02-2022,59.01,116.42,24.43,8.62,0.85,1.2,15.78
05-02-2022,87.66,200.6,17.94,8.39,0.34,0.73,16.41
06-02-2022,121.42,276.93,46.24,9.47,0.64,0.83,15.39
07-02-2022,97.63,246.22,36.04,9.76,0.67,0.57,17.13
08-02-2022,61.02,147.34,18.52,2.87,0.47,0.44,17.1
09-02-2022,36.99,97.75,25.61,2.41,0.44,1.23,16.23
10-02-2022,48.82,107.69,31.07,3.56,0.56,0.96,15.63
11-02-2022,60.66,149.41,39.36,7.98,0.73,0.06,16.85
12-02-2022,61.91,159.53,46.23,7.93,0.7,1.04,15.88
13-02-2022,66.88,136.12,43.91,5.8,0.75,0.4,13.59
14-02-2022,64.5,154.54,46.24,5.98,0.94,0.04,14.46
15-02-2022,47.18,115.02,43.29,2.83,0.77,1.22,15.15
16-02-2022,28.91,73.44,15.84,1.51,0.42,1.31,15.23
17-02-2022,31.84,81.77,24.17,6.15,0.46,1.9,14.7
18-02-2022,31.46,71.14,27.64,7.66,0.54,1.87,15.09
19-02-2022,46.7,102.3,30.4,6.75,0.67,1.99,14.46
20-02-2022,63.21,144.93,35.82,11.29,0.82,1.6,15.51
21-02-2022,47.69,101.74,28.95,6.73,0.63,1.43,16.4
22-02-2022,53.85,139.28,40.55,3.68,0.85,1.8,15.91
23-02-2022,51.43,124.65,27.78,9.52,0.52,2.73,13.7
24-02-2022,50.69,123.18,32.94,5.84,0.83,2.41,14.49
25-02-2022,64.96,135.87,30.01,4.09,0.74,2.69,15.2
26-02-2022,98.71,218.98,34.84,9.05,0.85,2.57,17.52
27-02-2022,84.06,177.44,34.4,4.41,0.72,2.43,14.82
28-02-2022,63.35,147.36,35.35,2.18,0.67,2.43,13.52
01-03-2022,81.46,174.05,35.36,9.12,0.7,2.68,15.29
02-03-2022,86.19,169.83,36.27,5.28,0.77,2.55,14.94
03-03-2022,97.63,191.35,38,4.55,0.87,2.8,14.66
04-03-2022,79.88,178.34,41.9,8.28,0.92,2.66,15.03
05-03-2022,60.83,153.95,43.09,8.33,0.83,2.59,13.99
06-03-2022,74.36,168.79,50.78,9.98,0.97,2.12,14.81
07-03-2022,78.85,166.98,48.35,8.59,1.04,1.94,15.02
08-03-2022,74.8,142.2,30.14,8.22,0.97,3.15,16.23
09-03-2022,95.97,182.71,44.67,22.99,1.02,1.51,17.41
10-03-2022,99.04,175.59,48.36,25.31,1.21,1.79,13.7
11-03-2022,89.9,190.13,42.05,20.98,1.13,1.86,11.96
12-03-2022,79.82,181.97,40.86,12.17,1.13,2.85,16.88
13-03-2022,64.39,126.75,45.79,20.26,0.93,2.74,20.43
14-03-2022,75.58,167.24,40.2,17.17,1.07,2.92,25.74
15-03-2022,63.53,145.34,34.62,19.66,0.76,2.35,20.18
16-03-2022,93.48,198.98,48.26,21.44,1.09,2.78,18.34
17-03-2022,70.07,136.94,31.31,16.3,0.88,2.61,17.75
18-03-2022,71.38,142.93,26.68,41.24,0.83,2.4,20.16
19-03-2022,64.39,132.55,17.36,21.81,0.91,2.87,14.93
20-03-2022,39.58,83.94,14.57,35.15,0.73,2.97,16.51
21-03-2022,43.8,101.51,12.44,29.35,0.54,2.88,15.91
22-03-2022,68.12,162.16,18.11,29.91,0.66,2.8,16.15
23-03-2022,66.1,139.28,24.13,40.53,0.69,2.84,19.21
24-03-2022,71.43,177.62,31.81,35.89,0.76,2.76,17.35
25-03-2022,63.23,160.34,17.29,21.56,0.68,2.75,14.49
26-03-2022,39.48,118.96,25.15,20.11,0.62,2.93,14.41
27-03-2022,33.03,92.8,13.84,17.34,0.53,3.07,15.02
28-03-2022,38.49,102.68,14.67,16.91,0.54,2.87,14.13
29-03-2022,40.13,97.81,11.74,15.07,0.5,2.99,16.46
30-03-2022,52.07,113.1,14.16,21.47,0.66,2.83,21.87
31-03-2022,44.89,105.47,15.43,14.72,0.5,2.95,17.32
01-04-2022,38.26,114.22,12.01,10.59,0.52,2.84,13.04
02-04-2022,97.15,283.59,12.23,10.28,0.64,2.99,10.44
03-04-2022,89.72,230.34,11.19,8.51,0.51,2.73,16.19
04-04-2022,62.41,183.84,10.8,5.75,0.5,2.8,17.76
05-04-2022,45.4,133.59,10.58,6.65,0.51,2.85,19.53
06-04-2022,34.31,98.83,9.01,8.97,0.52,2.71,21.52
07-04-2022,28.45,91.31,9.12,6.39,0.52,2.78,17.49
08-04-2022,24.41,79.34,12.41,6.66,0.54,2.96,16.08
09-04-2022,28.17,83.31,11.03,11.55,0.64,2.71,14.99
10-04-2022,28.93,61.4,8.64,12.2,0.54,3.23,20.33
11-04-2022,29.43,63.28,8.57,None,None,None,14.76
12-04-2022,31.61,71.77,12.73,13.68,0.08,2.19,18.89
13-04-2022,41.82,102.81,21.06,14.38,0.25,2.41,16.75
14-04-2022,47.03,112.81,15.03,12.92,0.17,2.14,12.55
15-04-2022,31.25,70.01,10.48,12.09,0.09,2.31,20.44
16-04-2022,31,72.91,9.11,9.9,0.08,2.44,16.74
17-04-2022,40.32,87.28,11.65,8.31,0.08,2.55,12.69
18-04-2022,28.85,76.7,9.56,6.13,0.04,2.5,11.57
19-04-2022,27.79,71.81,9.83,5.7,0.05,2.62,12.61
20-04-2022,37.68,83.43,10.09,12.72,0.09,2.76,22.11
21-04-2022,36.6,80.76,10.46,17.03,0.12,2.19,16.96
22-04-2022,54.6,117.55,21.09,19.35,0.37,1.43,26.53
23-04-2022,56.81,114.77,17.09,15.02,0.32,2.67,13.32
24-04-2022,56.7,110.79,17.29,None,None,None,28.79
25-04-2022,33.32,75.79,10.34,None,None,None,22.33
26-04-2022,49.07,113.07,20.26,17.46,0.66,1.09,17.95
27-04-2022,32.92,68.51,13,18.56,0.44,1.49,25.76
28-04-2022,34.79,79.85,15.35,20.94,0.23,2.27,28.57
29-04-2022,32.7,82.01,14.55,19.38,0.12,1.67,21.96
30-04-2022,27.15,67.2,11.28,20.35,0.05,1.82,19.05
01-05-2022,26.3,57.66,11.57,24.6,0.13,2.38,28.85
02-05-2022,18.72,47.2,8.94,22.39,0.09,1.99,21.71
03-05-2022,23.67,62.6,9.24,21.78,0.1,2.38,22.87
04-05-2022,34.77,80.4,7.88,11.45,0.09,1.95,17.45
05-05-2022,41.57,98.63,9.76,14.88,0.08,1.85,18.87
06-05-2022,40.67,97.13,9.31,13.05,0.03,2,19.9
07-05-2022,72.07,167.46,9.56,11.44,0.03,2.06,21.31
08-05-2022,85.48,189.28,8.46,8.48,0,14.79,18.16
09-05-2022,56.44,121.11,11.86,12.89,0.07,45.15,22.02
10-05-2022,39.01,97.54,9.03,12.79,0.03,3.21,17.53
11-05-2022,42.85,91.69,9.71,15.55,0.15,3.53,22.36
12-05-2022,43.53,99.64,9.96,18.39,0.37,22.15,18.41
13-05-2022,43.53,95.3,9.27,11.95,0.14,54.62,20.59
14-05-2022,45.79,108.88,8.28,12.43,0.02,17.11,23.1
15-05-2022,60.33,132.59,9.62,9.64,0.02,4.28,16.95
16-05-2022,41.96,96.04,8.95,13.68,0.02,5.04,23.14
17-05-2022,44.78,108.93,9.39,11.82,0.02,4.19,16.07
18-05-2022,85.77,200.32,9.37,16.1,0.03,3.58,20.95
19-05-2022,103.29,271.84,10.15,15.52,0.02,3.1,23.52
20-05-2022,87.97,253.47,10.5,13.38,0.02,3.34,21.26
21-05-2022,70.89,172.89,9.98,8.36,0.02,3.86,14.64
22-05-2022,50.22,123.1,9.63,8.51,0.02,2.94,13.36
23-05-2022,39.04,79.68,8.62,14.87,0.03,2.57,19.93
24-05-2022,21.35,58.64,8.74,10.35,0.02,3.53,14.44
25-05-2022,23.36,63.07,8.89,8.57,0.02,3.34,12.8
26-05-2022,26.36,74.61,8.52,8.37,0.02,2.32,11.96
27-05-2022,26.2,71.24,8.18,8.59,0.03,29.07,11.41
28-05-2022,18.09,54.87,8.43,8.58,0.03,8.7,11.1
29-05-2022,15.4,50.01,9.31,8.59,0.02,2.93,10.99
30-05-2022,19.39,59.73,9.32,8.99,0.03,3.51,11.05
31-05-2022,17.36,48.87,8.9,7.45,0.02,3.53,10.24
01-06-2022,27.07,None,9.44,7.21,0.03,2.17,10.11
02-06-2022,32.32,None,9.16,7.1,0.03,2.19,10.11
03-06-2022,39.34,None,9.39,7.45,0.03,2.5,9.96
04-06-2022,36.56,None,9.46,7.58,0.03,2.49,10.02
05-06-2022,23.92,None,9.29,7.82,0.03,2.75,10.2
06-06-2022,18.78,None,9.29,7.88,0.03,2.56,10.05
07-06-2022,23.33,None,9.24,8.71,0.03,2.69,10.73
08-06-2022,20.98,71.79,11.07,9.78,0.03,2.37,13.03
09-06-2022,14.54,35.55,9.96,16.62,0.04,3.04,21.67
10-06-2022,None,None,None,None,None,None,None
11-06-2022,None,None,None,None,None,None,None
12-06-2022,None,None,None,None,None,None,None
13-06-2022,None,None,None,None,None,None,None
14-06-2022,None,None,None,None,None,None,None
15-06-2022,None,None,None,None,None,None,None
16-06-2022,None,44,9.03,4.1,0.03,2.86,8.41
17-06-2022,None,None,None,None,None,None,None
18-06-2022,13.64,29.97,6.65,30.99,0.06,2.82,64.97
19-06-2022,22.16,40.18,8.32,36.99,0.05,1.84,39.3
20-06-2022,None,None,None,None,None,None,None
21-06-2022,None,None,None,None,None,None,None
22-06-2022,None,None,None,None,None,None,None
23-06-2022,None,None,None,None,None,None,None
24-06-2022,None,None,None,None,None,None,None
25-06-2022,10,22,9.14,25.84,0.04,1.63,11.23
26-06-2022,3.5,15.5,9.89,27.61,0.05,4.57,11.2
27-06-2022,7.33,16,8.45,27.18,0.04,1.66,10.32
28-06-2022,3.33,None,8.6,27.82,0.04,2.4,9.7
29-06-2022,None,None,None,None,None,None,None
30-06-2022,14.53,36.49,10.59,23.3,0.04,2.29,10.36
01-07-2022,6.98,26.26,11.02,23.02,0.04,2.33,11.38
02-07-2022,13.64,37.52,12.7,21.88,0.05,2.53,10.69
03-07-2022,29.59,78.08,8.06,33.78,0.04,2.75,14.93
04-07-2022,23.11,66.86,8.21,26.9,0.03,2.53,11.15
05-07-2022,12.94,42.82,8.91,24.74,0.04,2.53,10.42
06-07-2022,13.84,42.37,9.48,27.57,0.04,2.44,13.27
07-07-2022,13.68,40.58,9.06,22.65,0.04,2.51,10.54
08-07-2022,22.26,54.7,8.67,20.94,0.04,2.51,10.03
09-07-2022,26,64.11,8.95,20.92,0.04,2.63,11.43
10-07-2022,27.93,59.14,9.17,38.67,0.09,2.44,14.78
11-07-2022,21.65,59.22,7.16,44.38,0.02,2.46,12.92
12-07-2022,20.06,57.05,8.21,32.22,0.01,2.45,10.9
13-07-2022,16.3,51.08,8.02,34.09,0.02,3.93,12.77
14-07-2022,17.82,52.33,6.14,38.5,0.02,2.38,11.88
15-07-2022,None,None,None,None,None,None,None
16-07-2022,35.55,62.74,9.4,61.35,0.04,2.57,14.06
17-07-2022,21.06,47.72,8.57,56.04,0.02,2.42,13.18
18-07-2022,13.11,42.29,7.34,54.24,0.02,2.59,10.98
19-07-2022,14.81,49.42,6.24,75,0.03,2.41,17
20-07-2022,23.91,52,7.02,72.86,0.05,2.54,12.92
21-07-2022,14,38.3,7.85,94.02,0.03,2.35,11.36
22-07-2022,12.87,35.67,8,91.52,0.03,2.34,12.73
23-07-2022,17.65,44.92,6.78,2.9,0.03,2.25,17.72
24-07-2022,14.78,42.89,7.12,0.01,0.03,2.46,16.12
25-07-2022,13.36,37.6,6.45,None,0.02,2.44,13.59
26-07-2022,12.64,38.72,7.58,0.35,0.02,2.53,13.85
27-07-2022,11.31,33.59,7.72,37.22,0.03,2.32,17.4
28-07-2022,8.98,28.17,8.51,74.4,0.03,2.34,12.06
29-07-2022,11.37,36.43,10.99,75.85,0.04,2.27,12.96
30-07-2022,13.08,44.86,10.2,38.59,0.04,2.36,17.53
31-07-2022,9.38,38.8,7.85,24.57,0.03,2.69,13.8
01-08-2022,11.15,45.85,7.9,20.44,0.03,2.29,11.81
02-08-2022,11.58,43.08,7.98,17.41,0.03,2.46,12.64
03-08-2022,13.88,49.94,8.26,21.36,0.04,2.45,17.34
04-08-2022,12.8,35.84,11.19,23.99,0.04,2.45,15.11
05-08-2022,9.31,29.9,9.86,14.17,0.03,2.49,13.11
06-08-2022,7.11,25.52,9.23,14.65,0.04,2.46,13.95
07-08-2022,5.46,19.74,8.73,15.6,0.04,2.35,15.34
08-08-2022,4.12,17.45,8.37,8.91,0.03,2.39,11.44
09-08-2022,4.25,20.15,10.01,8.25,0.05,2.3,11.15
10-08-2022,5.88,39.73,8.54,10.37,0.02,2.22,13.07
11-08-2022,6,44.81,8.39,4.42,0,2.29,11.09
12-08-2022,6,51.81,7.77,2.63,0,2.36,10.82
13-08-2022,12.15,48.79,8.02,4.98,0.2,8.38,12.48
14-08-2022,12.08,42.97,8.32,28.59,0.02,2.29,12.7
15-08-2022,12.05,38.46,7.6,12.46,0.02,2.25,10.95
16-08-2022,11.96,36.94,7.4,4.28,0.02,2.21,10.5
17-08-2022,12.38,32.17,8.17,1.29,0.02,2.32,10.8
18-08-2022,14.84,34.9,7.58,56.88,0.03,2.28,13.38
19-08-2022,14.54,36.1,7.85,83.89,0.02,2.28,16.55
20-08-2022,14.01,34.63,7.99,25.75,0.04,2.32,15.25
21-08-2022,13.27,33.08,7.53,23.55,0.04,2.29,18.04
22-08-2022,11.28,35.56,6.72,5,0.02,2.4,13.3
23-08-2022,12.85,34.97,7.19,None,0.03,2.26,12.16
24-08-2022,14.73,33.84,7.71,0.87,0.03,2.37,15.23
25-08-2022,12.46,33.9,7.79,0.83,0.03,2.27,13.55
26-08-2022,12.97,39.31,8.09,None,0.03,2.26,11.82
27-08-2022,19.04,47,10.81,1.48,0.23,2.18,12.77
28-08-2022,23.39,64.79,9.16,0.57,0.27,2.25,10.2
29-08-2022,18.79,54.47,10.57,None,0.26,2.29,9.87
30-08-2022,18.38,47.81,15,None,0.28,2.25,9.45
31-08-2022,27.98,72.37,13.84,None,0.34,2.18,10.16
01-09-2022,25.81,70.11,10.03,None,0.29,2.06,10.36
02-09-2022,13.65,35.31,28.56,None,0.36,2.3,9.43
03-09-2022,33.84,57.81,None,2.6,0.78,1.14,None
04-09-2022,24.46,46.75,None,4.37,0.72,2.13,None
05-09-2022,16.1,37.95,None,3.61,0.41,2.35,None
06-09-2022,10.58,35.48,None,1.37,0.34,2.26,None
07-09-2022,10.2,32.99,None,0.25,0.33,2.22,None
08-09-2022,13.65,47.7,None,1.66,0.38,2.2,None
09-09-2022,19.43,34.71,None,1.21,0.54,2.27,None
10-09-2022,17.53,31.24,None,0.03,0.5,2.17,None
11-09-2022,7.8,21.7,5.09,5.8,0.4,2.2,6.95
12-09-2022,13.84,32.37,None,6.08,0.52,2.23,None
13-09-2022,6.48,20.45,None,5.79,0.41,2.13,None
14-09-2022,6.66,19.95,None,4.88,0.43,2.14,None
15-09-2022,5.48,22.93,None,3.61,0.32,2.18,None
16-09-2022,8.75,30.05,7.02,2.41,0.3,2.3,9.22
17-09-2022,7.55,28.58,6.52,3.09,0.36,2.24,9.42
18-09-2022,7.83,28.23,6.71,None,None,None,9.41
19-09-2022,10.61,33.31,7.37,None,None,None,8.85
20-09-2022,13.23,30.05,10.42,None,0.33,2.22,8.14
21-09-2022,14.46,36.39,10.68,None,None,None,9.05
22-09-2022,13.17,38.22,12.99,None,None,None,8.45
23-09-2022,14.37,37.35,17.49,None,None,1.89,9.14
24-09-2022,12.04,33.66,8.47,3.74,0.35,2.37,11.08
25-09-2022,8.33,22.59,8.71,1.14,0.37,2.16,9.23
26-09-2022,None,None,None,None,None,None,None
27-09-2022,2.5,19.33,23.5,8.64,0.56,2.5,28.65
28-09-2022,11.61,37.42,32.77,7.57,0.73,2.24,21.71
29-09-2022,20,51.81,38.7,8.39,0.78,2.17,26.17
30-09-2022,21.57,55.78,25.48,7.29,0.58,1.92,19.5
01-10-2022,22.15,54.66,13.84,None,0.45,1.97,8.66
02-10-2022,21.56,49.93,15.43,None,0.54,2.24,9.3
03-10-2022,7.35,24.08,9.91,None,0.39,2.34,15.69
04-10-2022,13.22,39.19,12.54,1.51,0.46,2.48,15.52
05-10-2022,21.17,57.21,14.98,1.58,0.52,2.62,17.1
06-10-2022,18.87,54.79,12.94,0.51,0.5,2.41,14.58
07-10-2022,10.5,35.52,11.88,0.21,0.52,2.55,13.66
08-10-2022,14.17,32.31,12.64,0.09,0.57,2.59,13.54
09-10-2022,8.35,22.9,10.18,0.07,0.46,2.36,13.93
10-10-2022,7.85,23.81,11.36,None,0.47,2.48,13.49
11-10-2022,18.86,46.65,17.81,None,0.58,2.57,12.68
12-10-2022,17.71,44.5,17.8,0.78,0.63,2.5,13.12
13-10-2022,30.34,54.82,29.09,2.07,0.78,2.09,12.92
14-10-2022,43.93,83,35.25,3.36,1.07,2.55,10.51
15-10-2022,36.41,67.02,34.62,8.78,0.98,2.17,12.52
16-10-2022,41.67,83.86,41.7,7.04,1.14,1.86,10.41
17-10-2022,40.12,96.75,38.75,4.82,1.03,1.35,11
18-10-2022,38.48,82.13,29.13,4.78,0.96,2.29,9.62
19-10-2022,15.4,39.95,19.92,8.56,0.83,2.46,24.11
20-10-2022,24.02,56.35,32.02,17.59,1.06,2.37,32.56
21-10-2022,25.88,59.47,10.99,2.25,0.78,2.02,4.64
22-10-2022,40.69,74.2,23.81,4.39,0.92,2.58,10.73
23-10-2022,32.76,64.37,26.19,4,0.81,2.38,14.68
24-10-2022,52.15,105.87,36.68,4.87,0.98,2.4,14.35
25-10-2022,74.62,137.57,40.65,5.78,1.1,2.54,15.47
26-10-2022,83.81,152.26,32.42,5.51,1.15,2.54,16.38
27-10-2022,71.62,146.49,41.2,5.81,1.16,2.46,15.03
28-10-2022,72.09,156.36,45.15,5.89,1.13,2.09,17.06
29-10-2022,59.22,140.76,41.64,6.42,1.16,1.81,19.38
30-10-2022,57.33,142.69,54.07,5.79,1.13,1.84,18.57
31-10-2022,47.15,107.67,49.69,5.45,0.93,1.31,18.2
01-11-2022,58.07,128.21,44.75,6.44,1.09,1.77,15.7
02-11-2022,65.2,155.46,56.88,5.86,1.22,1.43,16.49
03-11-2022,62.97,142.66,47.62,7.04,1.18,1.34,18.18
04-11-2022,61.7,146.34,54.79,8.31,1.22,1.63,17.29
05-11-2022,63.97,155.55,64.77,10.19,1.27,2.05,31.6
06-11-2022,60.91,138.2,87.46,11.17,1.18,2,35.75
07-11-2022,66.25,144.3,111.22,13.21,1.24,2.45,47.57
08-11-2022,79.12,154.1,160.54,15.73,1.35,2.4,49.19
09-11-2022,106.02,180.54,173.47,20.12,1.4,2.34,52.33
10-11-2022,None,179.85,145.79,22.62,1.45,2.33,54.4
11-11-2022,None,227.84,229.2,24.55,1.52,2.36,46.72
12-11-2022,None,149.32,130.99,17.86,1.26,2.61,51.12
13-11-2022,None,144.12,119.71,15.85,1.1,2.03,70.16
14-11-2022,None,146.74,106.54,14.76,1.07,2.37,49.98
15-11-2022,None,193.74,126.94,15.82,1.57,2.53,47.51
16-11-2022,None,210.05,144.67,16.46,1.62,2.5,49.41
17-11-2022,None,179.16,125.42,15.87,1.45,2.49,41.26
18-11-2022,None,154.09,127.84,15.65,1.2,2.3,42.34
19-11-2022,None,115,114.81,15.13,0.98,2.31,36.41
20-11-2022,None,130.94,133.25,14.48,1.05,2.41,36.48
21-11-2022,None,129.46,129.39,13.94,1.08,2.53,38.75
22-11-2022,None,113.52,106.79,13.17,1.04,2.53,34.21
23-11-2022,None,135.77,138.96,11.64,1.26,2.5,31.26
24-11-2022,None,151.41,126.81,11.06,1.31,2.34,38.05
25-11-2022,None,173.04,121.88,12.42,1.45,2.47,42.55
26-11-2022,None,212.07,155.8,13.27,1.63,2.4,43.49
27-11-2022,None,205.06,146.77,16.09,1.63,2.44,51.68
28-11-2022,None,204.13,135.99,18.56,1.69,2.26,50.52
29-11-2022,None,140.41,93.96,19.27,1.41,2.43,44.86
30-11-2022,None,144.69,95.5,17.2,1.34,2.33,39.09
01-12-2022,None,190.92,154.68,20.23,1.58,2.35,41.82
02-12-2022,None,142.55,94.85,19.72,1.35,2.42,42.72
03-12-2022,None,191.04,158.57,20.58,1.64,2.69,38.82
04-12-2022,None,180.41,143.38,22.2,1.53,2.58,40.31
05-12-2022,None,279.96,138.54,23.12,1.58,2.51,42.53
06-12-2022,None,195.12,115.32,20.75,1.71,2.49,48.85
07-12-2022,None,256.45,157.56,24.12,1.86,3.04,52.16
08-12-2022,None,None,None,None,None,None,None
09-12-2022,None,175.49,106.24,23.15,1.35,2.66,49.71
10-12-2022,None,109.76,108.15,18.91,1.03,2.67,35.56
11-12-2022,None,135.21,148.29,17.4,1.3,2.73,32.01
12-12-2022,None,169.68,151.86,17.88,1.41,2.59,37.6
13-12-2022,None,152.2,144.07,19.97,1.38,2.75,45.56
14-12-2022,None,110.29,122.42,22.75,1.25,2.51,55
15-12-2022,None,109.49,93.87,24.44,1.21,2.7,53.1
16-12-2022,None,104.28,92.38,26.23,1.47,2.64,58.62
17-12-2022,None,178.86,171.31,26.29,1.71,2.56,45.62
18-12-2022,None,None,None,None,None,None,None
19-12-2022,None,None,None,None,None,None,None
20-12-2022,None,None,None,None,None,None,None
21-12-2022,None,132.88,120.34,29.6,1.37,2.47,60.42
22-12-2022,None,168.64,180.3,31.07,1.54,2.4,55.12
23-12-2022,None,218.18,189,31.54,1.63,2.37,52.91
24-12-2022,None,126.11,97.4,29.87,1.1,2.37,52.55
25-12-2022,None,145.08,148.64,27.08,1.27,2.45,40.12
26-12-2022,None,154.63,124.01,26.84,1.36,2.52,46.87
27-12-2022,None,175.92,140.7,28.24,1.49,2.51,55.53
28-12-2022,None,203.55,126.68,26.84,1.67,2.47,45.16
29-12-2022,None,195.51,32.74,17.28,1.59,2.44,16.5
30-12-2022,None,227.32,23.52,18.58,1.64,2.34,18.7
31-12-2022,None,193.42,35.41,18.87,1.5,2.53,25.44
01-01-2023,None,136.67,26.94,16.86,1.17,2.38,18.38
02-01-2023,None,127.8,25.25,16,1.11,2.08,17.15
03-01-2023,None,148.56,36.46,16.3,1.37,2.06,18.94
04-01-2023,None,170.16,31.37,17.96,1.39,2.39,18
05-01-2023,None,164.51,40.74,17.28,1.42,2.48,17.21
06-01-2023,None,203.93,28.97,17.9,1.57,2.53,13.23
07-01-2023,None,225.08,31.26,18.03,1.58,2.77,16.78
08-01-2023,None,205.62,29.96,18.45,1.43,2.39,19.01
09-01-2023,None,196.5,24.67,18.59,1.36,2.38,16.71
10-01-2023,None,118.88,23.45,19.34,1.14,2.46,16.72
11-01-2023,None,128.72,25.18,19.21,1.24,2.47,13.63
12-01-2023,None,186.04,35.4,19.13,1.48,2.58,11.24
13-01-2023,None,None,None,None,None,None,None
14-01-2023,None,300.64,21.62,17.25,0.69,3.02,11.84
15-01-2023,None,200.27,26.69,16.61,0.9,2.75,12.49
16-01-2023,None,169.18,37.57,16.82,1.21,3.02,12.2
17-01-2023,None,179.63,32.31,17.08,1.28,2.65,11.89
18-01-2023,None,216.2,38.35,19.67,1.54,2.58,13.29
19-01-2023,None,225.36,43.06,21.08,1.68,2.61,16.09
20-01-2023,106.67,207.98,20.22,19.8,1.64,6.39,12.33
21-01-2023,80.94,158.36,None,17.04,1.34,10.89,20.55
22-01-2023,70.63,146.16,2.22,19.63,1.24,10.8,16.02
23-01-2023,51.75,118.88,3.59,19.7,1.02,10.79,8.24
24-01-2023,61.3,140.63,3.23,18.21,1.11,10.64,8.54
25-01-2023,62.52,134.7,3.91,17.54,1.12,10.72,7.97
26-01-2023,74.89,158.82,3.97,17.45,1.15,11.01,7.88
27-01-2023,92.85,179.73,3.65,17.88,1.35,10.7,8.16
28-01-2023,96.88,185.56,3.2,18.78,1.51,10.91,8.57
29-01-2023,75.1,156.38,2.68,23.65,1.52,11.2,9.01
30-01-2023,63.63,132.07,2.91,22.08,1.33,11.12,8.83
31-01-2023,67.31,126.29,3.23,19.07,1.14,10.91,8.53
01-02-2023,90.06,164.2,3.62,18.68,1.36,11.03,8.22
02-02-2023,77.67,144.08,4.29,19.61,1.23,11.3,7.62
03-02-2023,64.14,132.11,5.17,18.89,1.2,11.15,6.86
04-02-2023,74.11,155.33,4.27,20.26,1.33,10.82,7.66
05-02-2023,78.72,167.07,4.13,20.95,1.46,10.86,7.77
06-02-2023,90.58,183.17,4.9,21.74,1.66,10.89,7.08
07-02-2023,70.03,134.72,4.95,20.25,1.28,10.69,7.04
08-02-2023,62.76,121.8,5.9,19.11,0.99,10.96,11.13
09-02-2023,94,184.79,None,18.35,1.43,10.9,17.55
10-02-2023,107.37,207.16,1.74,20.81,1.65,11.17,16.54
11-02-2023,78.79,151.17,2.66,18.65,1.22,11.02,9.07
12-02-2023,57.92,119.48,2.38,23,1.16,11.19,9.89
13-02-2023,68.17,147.94,None,23.24,1.52,11.18,12.66
14-02-2023,54.37,124.13,2.76,21,1.04,11.13,11.2
15-02-2023,81.13,177.9,3.57,22.61,1.49,11.26,8.23
16-02-2023,100.25,213.02,4.82,23.9,1.74,11.12,9.41
17-02-2023,83.38,187.17,None,22.98,1.44,11.25,21.83
18-02-2023,97.54,217.6,None,24.16,1.53,10.91,25.05
19-02-2023,83.3,183.17,None,30.57,1.46,11.12,28.17
20-02-2023,88.3,194.48,None,28.6,1.55,11.28,27.08
21-02-2023,72.43,128.22,None,26.27,1.38,11.09,29.05
22-02-2023,84.94,159.51,None,26.08,1.43,10.41,25.9
22-02-2023,44.25,102.44,None,25,1.13,10.68,15.13
